caminho_relativo,classe,conjunto
Avulsion fracture/Test/000002_png.rf.c3e00ebc2db78bc94e644c3f6605dad0.jpg,Avulsion fracture,treino
Avulsion fracture/Test/13256_2019_2325_Fig1_HTML_png.rf.09368fddb2da3979a35a0cac6f45.jpg,Avulsion fracture,treino
Avulsion fracture/Test/13256_2019_2325_Fig1_HTML_png.rf.09368fddb2da3979a3e1e25a0cac6f45.jpg,Avulsion fracture,treino
Avulsion fracture/Test/1b62e6fbfbc5a2f70c6af413189cfc82_jpg.rf.2761e933cc6d206308877cccaf0642b2.jpg,Avulsion fracture,treino
Avulsion fracture/Test/220px-Avulsion_fracture_of_tibial_tuberosity2C_annotated_jpg.rf.aac7ac1f6ad2f7a822ee729f39b750af.jpg,Avulsion fracture,treino
Avulsion fracture/Test/31446tn_jpg.rf.fd1466bd9c9a7d604dc3e782f87b84d6.jpg,Avulsion fracture,treino
Avulsion fracture/Test/389382_jpg.rf.8cb98ee798766a2d3f6a76279ba5d0d9.jpg,Avulsion fracture,treino
Avulsion fracture/Test/5c7fec45769db28bdd107336f19004336689a4fb804b37af3096741f2879ff02_jumbo_jpeg.rf.68a4d14a09ed5baf1f8e1c1957ee5a01.jpg,Avulsion fracture,treino
Avulsion fracture/Test/60683ca7a8a5848feda86d15_acl-avulsion-fracture-1_jpg.rf.17e17d797643e92164cc9825dc530399.jpg,Avulsion fracture,treino
Avulsion fracture/Test/9896089d1b31b0ba0158dc33122899_jumbo_jpeg.rf.d5e6b871460129728d2506e55476d496.jpg,Avulsion fracture,treino
Avulsion fracture/Test/9dcddacffaff8689cc1e9cedbe76a5_jumbo_jpeg.rf.7259a238161cf03dca23a3dd5369e0b1.jpg,Avulsion fracture,treino
Avulsion fracture/Test/avulsionlessertrochanter01jakpelvis15yo_jpg.rf.075c733923f27bd4611acf064a41a4e3.jpg,Avulsion fracture,treino
Avulsion fracture/Train/2-Figure1-1_png.rf.d9c1a18069444475adbb477d440ce0e9.jpg,Avulsion fracture,treino
Avulsion fracture/Train/35765-galleyfig1a_jpeg.rf.4e4f1d462790773a110b4171d25a.jpg,Avulsion fracture,treino
Avulsion fracture/Train/35765-galleyfig1a_jpeg.rf90773a110b4171d25a.jpg,Avulsion fracture,treino
Avulsion fracture/Train/697306b5c3755dd70645ac1a714fce3b_jpg.rf.21b53660b2fd76db08a98e9dad5d8d4f.jpg,Avulsion fracture,treino
Avulsion fracture/Train/697306b5c3755dd70645acfce3b_jpg.rf.1b53660b2fd76db08a98e9dad5d8d4f.jpg,Avulsion fracture,treino
Avulsion fracture/Train/94f6a-pclavulsion1a_png.rf.621b9fb0ecda5666f169e06b88d35b9e.jpg,Avulsion fracture,treino
Avulsion fracture/Train/F1-large2_jpg.rf.c2d3078f808a8a85ce1563a8b857820d.jpg,Avulsion fracture,treino
Avulsion fracture/Train/F1-large4_jpg.rf.4252b8d03c32b5e5299279de5619cc.jpg,Avulsion fracture,treino
Avulsion fracture/Train/F1-large4_jpg.rf.4252b8d03c32b5e529927f9de5619cc.jpg,Avulsion fracture,treino
Avulsion fracture/Train/F1-large_jpg.rf.a6f3a67ddd8ce10a037193d8121b5bea.jpg,Avulsion fracture,treino
Avulsion fracture/Train/FTCjoRnWQAMETYF_jpg.rf.662d6aa8680d248cac375a7256e0fa3f.jpg,Avulsion fracture,treino
Avulsion fracture/Train/Inkedcalcanealavulsionfx_png.rf.ff0595970365ef9d194318f215ccbc26_LI.jpg,Avulsion fracture,treino
Avulsion fracture/Train/Left-knee-AP-and-lateral-radiographs-showing-avulsion-fracture-of-the-tibial-tuberosity_jpg.rf.b131781339048c6fe26875bcef812a2.jpg,Avulsion fracture,treino
Avulsion fracture/Train/Left_lateral_malleolus_avulsion_fracture_jpg.rf.83d50e146146ab622ad5fa95e5d3d2f5.jpg,Avulsion fracture,treino
Avulsion fracture/Train/MalletFinger-PNG_jpg.rf.6ba864d6512079c3aa42b86feeb424d1.jpg,Avulsion fracture,treino
Avulsion fracture/Train/Pelvic_2_jpg.rf.f1d594abda0640caa3c3a07c99091f7e.jpg,Avulsion fracture,treino
Avulsion fracture/Train/Pelvic_4_jpg.rf.ffd15f48b6fb3dbd95c59e02c6ef946b.jpg,Avulsion fracture,treino
Avulsion fracture/Train/Pre-operative-X-ray-shows-avulsion-fracture-of-the-fibular-head-without-dislocation-of_png.rf.e7b4718d35f57eb561940fa4509d1cf2.jpg,Avulsion fracture,treino
Avulsion fracture/Train/SaudiJSportsMed_2017_17_1_22_197465_u1_jpg.rf.90c56f07b7728660ce6cfba13e332f6d.jpg,Avulsion fracture,treino
Avulsion fracture/Train/SaudiJSportsMed_2021_21_2_69_327488_f1_jpg.rf.7acce1c23e10ac231fa340b32dc2.jpg,Avulsion fracture,treino
Avulsion fracture/Train/SaudiJSportsMed_20465_u1_jpg.rf.90c56f07b7728660ce6cfba13e332f6d.jpg,Avulsion fracture,treino
Avulsion fracture/Train/Segond-Fx-label-2_png.rbecbcb0ff8e7e06cb974569469.jpg,Avulsion fracture,treino
Avulsion fracture/Train/Segond-Fx-label-2_png.rf.ebecbcb0f575f895e7e06cb974569469.jpg,Avulsion fracture,treino
Avulsion fracture/Train/Segond-Fx-label-2_png.rf.ebecbcb0ff895e7e06cb974569469.jpg,Avulsion fracture,treino
Avulsion fracture/Train/Segond-Fx-label-2_png.rf.ebecbcb0ff8e7e06cb974569469.jpg,Avulsion fracture,treino
Avulsion fracture/Train/arm-39-473-g002_jpg.rf.6148aa4ee9d3a52d47dfd2131450cb5d.jpg,Avulsion fracture,treino
Avulsion fracture/Train/cow539-2_jpg.rf.6016bc74fad63aefd02c973b2a7994f0.jpg,Avulsion fracture,treino
Avulsion fracture/Train/cow539-3_jpg.rf.71e336264ac124aeb83eb286373554da.jpg,Avulsion fracture,treino
Avulsion fracture/Train/e35976_4fe265db4c064d53bc55e857fbecc28dmv2_png.rf.48ff6ace881ba10b5937fd534990c4f6.jpg,Avulsion fracture,treino
Avulsion fracture/Train/g08oc12g07b_jpeg.rf.c5d8e582e388077397dc7f5418ec818c.jpg,Avulsion fracture,treino
Avulsion fracture/Train/g08oc12g10a_jpeg.rf.b3c91a586684ff23feec0e24add35b5b.jpg,Avulsion fracture,treino
Avulsion fracture/Train/g08oc12g13a_jpeg.rf.fb2516cd00452087ae81453b856e5eb7.jpg,Avulsion fracture,treino
Avulsion fracture/Train/image13_jpeg.rf.629135763282eca324d34d3bdde57075.jpg,Avulsion fracture,treino
Avulsion fracture/Train/image14_jpeg.rf.359749fca105f483ac0fdf9973fec7ee.jpg,Avulsion fracture,treino
Avulsion fracture/Train/image18_jpeg.rf.9d59531f4a8ac9f6a09d34b858e56cea.jpg,Avulsion fracture,treino
Avulsion fracture/Train/image19_jpeg.rf.83625b51238263f7220c91aab55d5aa0.jpg,Avulsion fracture,treino
Avulsion fracture/Train/image210_jpeg.rf.a9a08c3f3525414fd06895935e631ce5.jpg,Avulsion fracture,treino
Avulsion fracture/Train/image210_jpeg.rf.a9a08c3f3525414fd0689593e631ce5.jpg,Avulsion fracture,treino
Avulsion fracture/Train/image21_jpeg.rf.0626d85b6de6fed9102a1a4eb179c7f3.jpg,Avulsion fracture,treino
Avulsion fracture/Train/image22_jpeg.rf.45894d44324a7251eb5d3af227bdd003.jpg,Avulsion fracture,treino
Avulsion fracture/Train/image23_jpeg.rf.e356cb69158aed1da5d1fda94acc09df.jpg,Avulsion fracture,treino
Avulsion fracture/Train/image25_jpeg.rf.ce36231a54a62ee9d6ebbafc0fd859ea.jpg,Avulsion fracture,treino
Avulsion fracture/Train/image26_jpeg.rf.67555d2f3465a28984327b08ec6c0325.jpg,Avulsion fracture,treino
Avulsion fracture/Train/image30_jpeg.rf.e406e467fb037f74a61604be642212.jpg,Avulsion fracture,treino
Avulsion fracture/Train/image30_jpeg.rf.e406e467fb037f74a616a004be642212.jpg,Avulsion fracture,treino
Avulsion fracture/Train/image31_jpeg.rf.c31b74efca3394ab4c71a1e5ac50306.jpg,Avulsion fracture,treino
Avulsion fracture/Train/image31_jpeg.rf.c31b74efca3394ab54c71a1e5ac50306.jpg,Avulsion fracture,treino
Avulsion fracture/Train/image3_jpeg.rf.70e5a26cf73c48a5692c11c1deea98e4.jpg,Avulsion fracture,treino
Avulsion fracture/Train/image4_jpeg.rf.fcb144c2ca481bd5d99340ba46574506.jpg,Avulsion fracture,treino
Avulsion fracture/Train/image6_jpeg.rf.705e5cb2166c15baf86ae05ae1c534bb.jpg,Avulsion fracture,treino
Avulsion fracture/Train/image7_jpeg.rf.cdf517093bf5477debbf9bb78a330625.jpg,Avulsion fracture,treino
Avulsion fracture/Train/image8_jpeg.rf.7e052c435cfae6bfa73077eacacf710f.jpg,Avulsion fracture,treino
Avulsion fracture/Train/images15_jpg.rf.791e6a68039a07804cc5c7e714abffd7.jpg,Avulsion fracture,treino
Avulsion fracture/Train/images16_jpg.rf.d505cf1bdaa5e3f74e3c3f6bd2145185.jpg,Avulsion fracture,treino
Avulsion fracture/Train/images20_jpg.rf.62aeaabb8aa2467371f2f9f4838495f9.jpg,Avulsion fracture,treino
Avulsion fracture/Train/images22_jpg.rf.f66863f67a82f47a67f263e410ee8d4a.jpg,Avulsion fracture,treino
Avulsion fracture/Train/images26_jpg.rf.1b82fb47010737394b99f8f0d5eb9d6d.jpg,Avulsion fracture,treino
Avulsion fracture/Train/images2_jpg.rf.004dfc1919a390d5e6c93b5634105a66.jpg,Avulsion fracture,treino
Avulsion fracture/Train/images3_jpg.rf.de0165f64aa6a64ce3dd9552eb0165b7.jpg,Avulsion fracture,treino
Avulsion fracture/Train/images5_jpg.rf.9aef7c8db80fe7194a89674aae2a0838.jpg,Avulsion fracture,treino
Avulsion fracture/Train/images9_jpg.rf.c7cfaf208f09581e9eae3e22174f9509.jpg,Avulsion fracture,treino
Avulsion fracture/Train/jbsr-104-1-2180-g1_png.rf.d25dbeb8e4b12c378e082b7f753eb60a.jpg,Avulsion fracture,treino
Avulsion fracture/Train/jbsr-104-1-2180-g1_png.rf.dbeb8e4b12c378e082b7f753eb60a.jpg,Avulsion fracture,treino
Avulsion fracture/Train/jum14189-fig-0003-m_jpg.rf.8c08987a911f109ccc695630259c4071.jpg,Avulsion fracture,treino
Avulsion fracture/Train/knee-X-rays-showing-a-displaced-avulsion-fracture-of-the-tibial-tuberosity_jpg.rf.e16eee5a24caa9e868c41554ed1c3620.jpg,Avulsion fracture,treino
Avulsion fracture/Train/knee-X-rays-showing-a-displaced-avulsion-fracture-of-the-tibiauberosity_jpg.rf.e16eee5a24caa9e868c41554ed1c3620.jpg,Avulsion fracture,treino
Avulsion fracture/Train/ray-showed-an-avulsion-fracture-at-the-base-of-DP_Q320_jpg.rf.9e506395a15ac5083ee709c17345558c.jpg,Avulsion fracture,treino
Avulsion fracture/Train/slide_5_jpg.rf.633ceaa5b85a07c9fab2ef182e12bc72.jpg,Avulsion fracture,treino
Avulsion fracture/Train/spine_jpg.rf.9ba16757b6874ae00f935cc8eae5.jpg,Avulsion fracture,treino
Avulsion fracture/Train/spine_jpg.rf.9ba16757b6874ae943c00f935cc8eae5.jpg,Avulsion fracture,treino
Avulsion fracture/Train/tcr-5-078-001_jpg.rf.d4099231ae325a7cbcaa0488a5882079.jpg,Avulsion fracture,treino
Avulsion fracture/Train/tibial-spine_-avulsion_jpg.rf.275ac4b79ba72cb8b3e7f507271fdf42.jpg,Avulsion fracture,treino
Comminuted fracture/Test/Picture1_jpg.rf.8f2419c6c065392dfad896e83f29f0cf.jpg,Comminuted fracture,treino
Comminuted fracture/Test/T1507F01_Fig03B_jpg.rf.ca5bf37cc498403dd7bc84931bda4253.jpg,Comminuted fracture,treino
Comminuted fracture/Test/X-ray_of_a_comminuted_hip_fracture_jpg.rf.6725d6fabfddc890e45180cf483808a9.jpg,Comminuted fracture,treino
Comminuted fracture/Test/images95_jpg.rf.54b02400b9746a0aafc2c9b4d6d98332.jpg,Comminuted fracture,treino
Comminuted fracture/Test/images98_jpg.rf.411320e212e6bd90114d4f8832a7fc1c.jpg,Comminuted fracture,treino
Comminuted fracture/Test/images99_jpg.rf.52c1ae7d26ef95067175fe511216338a.jpg,Comminuted fracture,treino
Comminuted fracture/Test/open-fracture-tibia_jpg.rf.792969425566c2fe5437ac8a1aa400dc.jpg,Comminuted fracture,treino
Comminuted fracture/Train/059ba7d36491f99746b604ce4caa16_gallery_jpeg.rf.07edace837b62cc4a9da6c816c4caabe.jpg,Comminuted fracture,treino
Comminuted fracture/Train/083017orthodxfigure101_1281411_jpg.rf.2d1a32af448d06416d7e89a1656d1b77.jpg,Comminuted fracture,treino
Comminuted fracture/Train/10140_2011_941_Fig2_HTML_jpg.rf.37eefc302b45d5a693e0dfbf6e629426.jpg,Comminuted fracture,treino
Comminuted fracture/Train/10d41db0c5b211ecaf8f3b25e1532d5e-Figure-1-ab_png.rf.2b8f2e1fb03a549c1255a9d94aa8f7d8.jpg,Comminuted fracture,treino
Comminuted fracture/Train/10d41db0c5b211ecaf8f3b25e15igure-1-ab_png.rf.2b8f2e1fb03a549c1255a9d94aa8f7d8.jpg,Comminuted fracture,treino
Comminuted fracture/Train/110005_jumbo_jpeg.rf.4d42ca9d986abd70ea8fda02ae1bd48e.jpg,Comminuted fracture,treino
Comminuted fracture/Train/13018_2019_1385_Fig1_HTML_png.rf.a5d26d2db8ec1989bb7c626c49b6d906.jpg,Comminuted fracture,treino
Comminuted fracture/Train/20121tn_jpg.rf.595356bbc69f8bae274a3c16b720bd9d.jpg,Comminuted fracture,treino
Comminuted fracture/Train/20467tn_jpg.rf.0305d8adb13b816658d5b933ed02ac6f.jpg,Comminuted fracture,treino
Comminuted fracture/Train/21135tn_jpg.rf.a87fc40b05fbd5c5cfdfdbd84caef384.jpg,Comminuted fracture,treino
Comminuted fracture/Train/2j96ew8_jpg.rf.562559298d1c3fecd554d372b90bd166.jpg,Comminuted fracture,treino
Comminuted fracture/Train/2j96ewr_jpg.rf.2471c83791b64a5fb10def3ce4ea8bef.jpg,Comminuted fracture,treino
Comminuted fracture/Train/305547tn_jpg.rf.6ade706b544f0fd96738769085b99bc1.jpg,Comminuted fracture,treino
Comminuted fracture/Train/32048tn_jpg.rf.9b69767d2583ebce1ec13bc008291940.jpg,Comminuted fracture,treino
Comminuted fracture/Train/798bdba5bfea0252051940ce782bb2_jumbo_jpeg.rf.b77df08eec1dfb556bcbd8111607d6e1.jpg,Comminuted fracture,treino
Comminuted fracture/Train/9d79b527cca86a56fa24c88017e6bbd4-x-rays-physiology_jpg.rf.6e30d9c2b060a4d6a916d979e3be13f7.jpg,Comminuted fracture,treino
Comminuted fracture/Train/A-Plain-X-ray-CT-image-showing-distal-humerus-comminuted-fracture-extending-to_Q640_jpg.rf.c15113c7015656a1a3eed9e4803477a4.jpg,Comminuted fracture,treino
Comminuted fracture/Train/A-Preoperative-X-ray-showed-ulnar-shaft-com-B-Immediate_png.rf.4bf6cc3b49ab1abe7c261360a3178af3.jpg,Comminuted fracture,treino
Comminuted fracture/Train/Anteroposterior-and-Lateral-X-ray-The-open-shaft-comminuted-tibial-fracture_png.rf.9578f185be2dd89c3f6908b4d8bbc479.jpg,Comminuted fracture,treino
Comminuted fracture/Train/C7-FF5-1_jpg.rf.ad91314ccfea0ca61bb1c944433d6439.jpg,Comminuted fracture,treino
Comminuted fracture/Train/F0358734-Comminuted_femur_fracture_X-ray_jpg.rf.5865027f4bea838255591bb42010dcce.jpg,Comminuted fracture,treino
Comminuted fracture/Train/IjDiLBvjA6tVtvz7n3F2tQ_jpg.rf.226b312db76fc101ac7097da989a81ec.jpg,Comminuted fracture,treino
Comminuted fracture/Train/a-AP-b-lateral-Initial-X-ray-shows-severe-comminuted-fractures-in-thae77445bf6.jpg,Comminuted fracture,treino
Comminuted fracture/Train/a509797810ba74_styl-radius_jpg.rf.13f49e5b53f0946aa07cb7664715b91.jpg,Comminuted fracture,treino
Comminuted fracture/Train/a509797810ba74_styl-radius_jpg.rf.13f49e5b53f0946aa07cb7664a715b91.jpg,Comminuted fracture,treino
Comminuted fracture/Train/b-X-ray-showing-comminuted-fractures-of-the-foot-in-the-same-patient_png.rf.04a71ef2371b46d5dce5ff4edd44820c.jpg,Comminuted fracture,treino
Comminuted fracture/Train/c0272663-800px-wm_jpg.rf.74eb8424e7e8636221ab7dbf7bd87f71.jpg,Comminuted fracture,treino
Comminuted fracture/Train/case_comminuted01_jpg.rf.a295df69a1aceb0b52f67f5178daa833.jpg,Comminuted fracture,treino
Comminuted fracture/Train/comminuted-2-1_jpg.rf.baa3eefc2e16a058ba27e97075a4e445.jpg,Comminuted fracture,treino
Comminuted fracture/Train/comminuted-fe-tibia-296x300_jpg.rf.a3599c4493d7e57ed0adac03015856d9.jpg,Comminuted fracture,treino
Comminuted fracture/Train/comminuted-fracture-tibia-296x300_jpg.rf.a3599c4493d7e57ed0adac03015856d9.jpg,Comminuted fracture,treino
Comminuted fracture/Train/comminuted20colton_jpg.rf.d7291e24f2d2ed2d26d71695dfc90b6f.jpg,Comminuted fracture,treino
Comminuted fracture/Train/comminuted_fracture-PNG2_jumbo_jpeg.rf.08377656988157f7084fda9186746df6.jpg,Comminuted fracture,treino
Comminuted fracture/Train/e-lower-leg-displacement-two-projections-vertical-image-radiograph-248620988_jpg.rf.1f69f6766b096b881b76c5a3b733013c.jpg,Comminuted fracture,treino
Comminuted fracture/Train/film-xray-knee-include-lef.7a2e28a0bd1dbf6f4b7dcaf6ca34428d.jpg,Comminuted fracture,treino
Comminuted fracture/Train/film-xray-knee-include-leg-260nw-587485373_jpg.rf.7a2e28a0bd1dbf6f4b7dcaf6ca34428d.jpg,Comminuted fracture,treino
Comminuted fracture/Train/fractured-leg-x-ray-2HJE0B8_jpg.rf.bcf6ae67e1a6caa758715919e2ff0454.jpg,Comminuted fracture,treino
Comminuted fracture/Train/gr1_lrg2_jpg.rf.a4eef4553d2a0bf9c5b3cf1c1e7ea13f.jpg,Comminuted fracture,treino
Comminuted fracture/Train/gr1_lrg_jpg.rf.c58421b289531ff0aba105dc4a2ce7c9.jpg,Comminuted fracture,treino
Comminuted fracture/Train/gr_1ab_jpg.rf.66be6e034d772e0434b8695a9c87f35.jpg,Comminuted fracture,treino
Comminuted fracture/Train/image10_jpeg.rf.9c351e036298a7d6341efa02380eee62.jpg,Comminuted fracture,treino
Comminuted fracture/Train/image11_jpeg.rf.9720bdac215632be4d4d80ec0b9a0b7b.jpg,Comminuted fracture,treino
Comminuted fracture/Train/image12_jpeg.rf.5d15c4e2094ad749bef86329b1023e19.jpg,Comminuted fracture,treino
Comminuted fracture/Train/image25_jpeg.rf.b76398fa87907947cbc35a2ebabc.jpg,Comminuted fracture,treino
Comminuted fracture/Train/image25_jpeg.rf.b76398fa87907c1ea947cbc35a2ebabc.jpg,Comminuted fracture,treino
Comminuted fracture/Train/image29_jpeg.rf.c51611fbed11e145be462324d4f0ac90.jpg,Comminuted fracture,treino
Comminuted fracture/Train/image2_jpeg.rf.8e0b9b11eafd072db36efffa351fd12b.jpg,Comminuted fracture,treino
Comminuted fracture/Train/image30_jpeg.rf.a352549246355a94f4d5ac6ce1b10f04.jpg,Comminuted fracture,treino
Comminuted fracture/Train/image32_jpeg.rf.363df32aa528ed053c26f168c4d30da9.jpg,Comminuted fracture,treino
Comminuted fracture/Train/image4_jpeg.rf.54a06e7329da311c784ca03e2d37d43c.jpg,Comminuted fracture,treino
Comminuted fracture/Train/image6_jpeg.rf.eb8c4e0f3dd8a93eaf70f1edb3e36fb7.jpg,Comminuted fracture,treino
Comminuted fracture/Train/images16_jpg.rf.d775f7c15506556051d2afff2717c827.jpg,Comminuted fracture,treino
Comminuted fracture/Train/images17_jpg.rf.a7bcd38e4a04b47d7e05019525498d08.jpg,Comminuted fracture,treino
Comminuted fracture/Train/images19_jpg.rf.b79ae989e6dacad1c2053b5a7ee11e79.jpg,Comminuted fracture,treino
Comminuted fracture/Train/images24_jpg.rf.7ab59c8d48627e68241a4d0b97ac83c0.jpg,Comminuted fracture,treino
Comminuted fracture/Train/images27_jpg.rf.a40da5235aba28054fc8c4685700b70b.jpg,Comminuted fracture,treino
Comminuted fracture/Train/images29_jpg.rf.06d47153ab1aae30d7600cdff192dee9.jpg,Comminuted fracture,treino
Comminuted fracture/Train/images32_jpg.rf.745a6cc5974a2c23df2064ac9adeae7d.jpg,Comminuted fracture,treino
Comminuted fracture/Train/images39_jpg.rf.caa1abbf971d2b8161b36d056fc.jpg,Comminuted fracture,treino
Comminuted fracture/Train/images40_jpg.rf.cd2b16b8976cb628302f13fe3b7b2448.jpg,Comminuted fracture,treino
Comminuted fracture/Train/images41_jpg.rf.59543145bf43c207f60d10547a123.jpg,Comminuted fracture,treino
Comminuted fracture/Train/images43_jpg.rf.b70eeb34c89d4066f717f1e07491adfe.jpg,Comminuted fracture,treino
Comminuted fracture/Train/images44_jpg.rf.86b921748748af90b777713904e7f81e.jpg,Comminuted fracture,treino
Comminuted fracture/Train/images47_jpg.rf.a0e11facdc629b65dae47eae46e777f4.jpg,Comminuted fracture,treino
Comminuted fracture/Train/images49_jpg.rf.262724ac10436bd7874317e3d9aeae7e.jpg,Comminuted fracture,treino
Comminuted fracture/Train/images4_jpg.rf.6fadfb6727847fafce0d4a6ee2916862.jpg,Comminuted fracture,treino
Comminuted fracture/Train/images55_jpg.rf.e7c3ce39d9806b6be29826882d0bf4ec.jpg,Comminuted fracture,treino
Comminuted fracture/Train/images62_jpg.rf.c0a371d34410ca275a8307c18e2278a6.jpg,Comminuted fracture,treino
Comminuted fracture/Train/images66_jpg.rf.5ee6d0852ce75f0e71ffd046e31eb400.jpg,Comminuted fracture,treino
Comminuted fracture/Train/images66_jpg.rf.5ee6d0852ce75f0e76e31eb400.jpg,Comminuted fracture,treino
Comminuted fracture/Train/images67_jpg.rf.1bda1e67604b6ab355644e391db0ccbe.jpg,Comminuted fracture,treino
Comminuted fracture/Train/images71_jpg.rf.92c4e25002c296526f43c2c5f7cefc5d.jpg,Comminuted fracture,treino
Comminuted fracture/Train/images73_jpg.rf.874d94faa9c76eac64e6a61caee213b7.jpg,Comminuted fracture,treino
Comminuted fracture/Train/images76_jpg.rf.1a2ffd7918ff1d6d5ed82151e10a6.jpg,Comminuted fracture,treino
Comminuted fracture/Train/images76_jpg.rf.1a2ffd7918fff4b1d6d5ed82151e10a6.jpg,Comminuted fracture,treino
Comminuted fracture/Train/images77_jpg.rf.8babbfa8b1d9e808ce11d3e9374c03de.jpg,Comminuted fracture,treino
Comminuted fracture/Train/images77_jpg.rf.8babbfa8b1d9e808ce11de9374c03de.jpg,Comminuted fracture,treino
Comminuted fracture/Train/images79_jpg.rf.6140f9f43ae17aada4d7be1efd4c183a.jpg,Comminuted fracture,treino
Comminuted fracture/Train/images81_jpg.rf.ddfaa2e0b9dbde20a1849c56094e5137.jpg,Comminuted fracture,treino
Comminuted fracture/Train/images88_jpg.rf.52dbb0aac5087921358448b3bd1a53e5.jpg,Comminuted fracture,treino
Comminuted fracture/Train/images8_jpg.rf.c2ea03de0284d7d956f7989b333379ee.jpg,Comminuted fracture,treino
Comminuted fracture/Train/images91_jpg.rf.0ec3ba5769df7de92bd918a97ad134c7.jpg,Comminuted fracture,treino
Comminuted fracture/Train/images9_jpg.rf.9be7f66c52bcb8267b805d44b05ff28a.jpg,Comminuted fracture,treino
Comminuted fracture/Train/images_jpg.rf.a1165d24c9ea807540eab0ab0526b05c.jpg,Comminuted fracture,treino
Fracture Dislocation/Test/0-_jumbo_jpeg.rf.29079abb47d5de12076aed66aea08064.jpg,Fracture Dislocation,treino
Fracture Dislocation/Test/1-s2-0-S1268773120301892-gr1_jpg.rf.a87a221ae10f0f11bf1e72867576588b.jpg,Fracture Dislocation,treino
Fracture Dislocation/Test/1-s2-0-S1268773120301892-gr1_rf.a87a221ae10f0f11bf1e72867576588b.jpg,Fracture Dislocation,treino
Fracture Dislocation/Test/10-1055-b-004-129594_c035_f009_jpg.rf.f834d08add09dc9092c544481c2b8907.jpg,Fracture Dislocation,treino
Fracture Dislocation/Test/1A_jpg.rf.0677856a44a86c9ddca947bda2.jpg,Fracture Dislocation,treino
Fracture Dislocation/Test/1A_jpg.rf.0677856b851eba44a86c9ddca947bda2.jpg,Fracture Dislocation,treino
Fracture Dislocation/Test/47yoMcentralhip_jpg.rf.6b862323b37cef4bf7c2131d48c837da.jpg,Fracture Dislocation,treino
Fracture Dislocation/Test/77f8f82dd8cdcf805923a93b0185e1_gallery_jpeg.rf.63372be12ae61d75d4c632618aaadaeb.jpg,Fracture Dislocation,treino
Fracture Dislocation/Test/847b5a158bed0311bf28b5cd647088_jumbo_jpg.rf.271ac7bed7b0dc447ad19199a5292c3d.jpg,Fracture Dislocation,treino
Fracture Dislocation/Test/86bc033b86310ef27328c4b723226a_jum422b4ebf41ac2a0d5043f304b7c1a.jpg,Fracture Dislocation,treino
Fracture Dislocation/Test/86bc033b86310ef27328c4b723226a_jumbo_jpeg.rf.7dd422b4ebf41ac2a0d5043f304b7c1a.jpg,Fracture Dislocation,treino
Fracture Dislocation/Test/89a0646700fc2a62049ff99073ce5d_jumbo_jpeg.rf.c56cb1e33641b1217effd83c152f1a02.jpg,Fracture Dislocation,treino
Fracture Dislocation/Train/41394_2021_399_Fig1_HTML_png.rf.b71005e1c457206f34a4507475d3ce30.jpg,Fracture Dislocation,treino
Fracture Dislocation/Train/50475857a3eeda867edb18cedd6cc2_jumbo_jpg.rf.32fb05a963e20c5d55a557a5f53348c1.jpg,Fracture Dislocation,treino
Fracture Dislocation/Train/802280d22b265cf0668a0883436b7e_big_gallery_jpeg.rf.abcc24826037cfc864fb0648dc9ea8ef.jpg,Fracture Dislocation,treino
Fracture Dislocation/Train/A-AP-X-ray-showing-anterior-fracture-dislocation-Case-2_png.rf.77916b75a5d836b25d11f8d68ee99f89.jpg,Fracture Dislocation,treino
Fracture Dislocation/Train/A-Anteroposterior-X-ray-of-the-foot-showing-fracture-dislocation-of-navicular-B_png.rf.e572838a6da1d2111c37c17cec4dfc9c.jpg,Fracture Dislocation,treino
Fracture Dislocation/Train/A-Anteroposterior-X-ray-of-the-foot-showing-fracture-dislocation-of-navicular-B_png.rf.e57283da1d2111c37c17cec4dfc9c.jpg,Fracture Dislocation,treino
Fracture Dislocation/Train/A-B-Simple-X-rays-of-the-fracture-dislocation-C-D-Immediate-postoperat389c3a75212.jpg,Fracture Dislocation,treino
Fracture Dislocation/Train/A-B-Simple-X-rays-of-the-fracture-dislocation-C-D-postoperat389c3a75212.jpg,Fracture Dislocation,treino
Fracture Dislocation/Train/Antero-posterior-and-lateral-X-ray-of-a-fracture-dislocation-of-the-left-elbow-in-a_png.rf.9557573d1019fc845b0ee139f8aa6801.jpg,Fracture Dislocation,treino
Fracture Dislocation/Train/Antero-posterior-and-lateral-X-ray-of-a-fracture-dislocation-of-the-leg.rf.9557573d1019fc845b0ee139f8aa6801.jpg,Fracture Dislocation,treino
Fracture Dislocation/Train/Conventional-X-rays-on-admission-showing-fracture-dislocation-C-preoperative_jpg.rf.507c79939d6efec41b27686e4321badd.jpg,Fracture Dislocation,treino
Fracture Dislocation/Train/Conventional-X-rays-on-admission-showing-fracture-dislocation-C4-5-left-preoperative_jpg.rf.507c79939d6efec41b27686e4321badd.jpg,Fracture Dislocation,treino
Fracture Dislocation/Train/F1-large_jpg.rf.f07b71940901987206be4780843ae.jpg,Fracture Dislocation,treino
Fracture Dislocation/Train/F2-large_jpg.rf.56ccdce6b68f5e01cc5e2ce4ba.jpg,Fracture Dislocation,treino
Fracture Dislocation/Train/F3-large_jpg.rf.3c053eb6886cbef7bd612539b1b7db2c.jpg,Fracture Dislocation,treino
Fracture Dislocation/Train/F3-large_jpg.rf.3c06cbef7bd612539b1b7db2c.jpg,Fracture Dislocation,treino
Fracture Dislocation/Train/Figure201a_0-JPG_jpg.rf.45d6d1bc94a0953791811c2ef8bdc7c8.jpg,Fracture Dislocation,treino
Fracture Dislocation/Train/GALLEAZZI_jpg.rf.36a80364960844c23e8d28a27aed4eeb.jpg,Fracture Dislocation,treino
Fracture Dislocation/Train/Imaging-of-patient-TD-x-ray-after-trauma-a-axial-ct-of-the-fracture-b-3d_png.rf.b08166633212792f0672e17285ef6c6a.jpg,Fracture Dislocation,treino
Fracture Dislocation/Train/Plain-x-ray-appearances-of-fracture-dislocation-of-hips_png.rf.27d8552c169239839233ec26aa9a1854.jpg,Fracture Dislocation,treino
Fracture Dislocation/Train/Pre-and-postoperative-x-ray-of-l-fracture-dislocation-with-concomitant_jpg.rf.119601864a664da1abea52d079efe7d1.jpg,Fracture Dislocation,treino
Fracture Dislocation/Train/Pre-and-postoperative-x-ray-of-l-fracture-dislocatoncomitant_jpg.rf.119601864a664da1abea52d079efe7d1.jpg,Fracture Dislocation,treino
Fracture Dislocation/Train/X-ray-of-ankle-joint-anteroposterior-view-showing-fracture-dislocation-of-ankle-It_png.rf.24d160278ac319ce616cd26a48b9dfb3.jpg,Fracture Dislocation,treino
Fracture Dislocation/Train/a1bn1_jpg.rf.c98508718aa58362706b40d0b1a51977.jpg,Fracture Dislocation,treino
Fracture Dislocation/Train/a5097978c7f0a2_flex7_jpg.rf.fd2b48f9cdfa6e4920ce57cfb82680b5.jpg,Fracture Dislocation,treino
Fracture Dislocation/Train/a5097978c7f0a2_flex7_jpg.rf.fd2b48f9cdfa6e4920cefb82680b5.jpg,Fracture Dislocation,treino
Fracture Dislocation/Train/bf732db52716f6b487260ee05010f4_jumbo_jpeg.rf.447c7ee0304ce538b6ddbaba6f16dbed.jpg,Fracture Dislocation,treino
Fracture Dislocation/Train/c51fc85c72384555edf1d6ec412e53_jumbo_jpg.rf.d1abec7a9d63a4da7fa11a8274072b1f.jpg,Fracture Dislocation,treino
Fracture Dislocation/Train/cow217lat_jpg.rf.ee52f52e41e1f0a2df9e3bb3cafc5016.jpg,Fracture Dislocation,treino
Fracture Dislocation/Train/d98391d0b4ed11eca52dcfcc122122a0-Screen-Shot-2022-04-01-at-10-30-15-AM_png.rf.debe1f70a056d7438b724708ee01f0d4.jpg,Fracture Dislocation,treino
Fracture Dislocation/Train/f312a5ff3de3c0bcee1ffc1b9a88dc_jumbo_jpeg.rf.dbbe7d6f0f4a33c161868b07f2528713.jpg,Fracture Dislocation,treino
Fracture Dislocation/Train/fc65395dd9c83461025ab8fbb3b430_jumbo-JPG_jpg.rf.b419d0be56f385d775ab7444f7b323cb.jpg,Fracture Dislocation,treino
Fracture Dislocation/Train/film-xray-elbow-ap-showed-260nw-1126379768_jpg.rf.3b9679e0a7236095db8bc8509e5510d5.jpg,Fracture Dislocation,treino
Fracture Dislocation/Train/film-xray-elbow-ap-showed-260nw-379768_jpg.rf.3b9679e0a7236095db8bc8509e5510d5.jpg,Fracture Dislocation,treino
Fracture Dislocation/Train/fracturedislocationgaleazzi01mdatvaccidentplain5y41d7581db9be3deb5ede90b.jpg,Fracture Dislocation,treino
Fracture Dislocation/Train/fracturedislocationgaleazzi01mdatvaccidentplain5yo_jpg.rf.e80b42ea241d7581db9be3deb5ede90b.jpg,Fracture Dislocation,treino
Fracture Dislocation/Train/fracturedislocationmonteggia01mdfellplain3yo_jpg.rf.761868d92f84fc315c69679322532546.jpg,Fracture Dislocation,treino
Fracture Dislocation/Train/gr1_jpg.rf.23581f947c5ded563f968111bb3866c1.jpg,Fracture Dislocation,treino
Fracture Dislocation/Train/gr1_lrg_jpg.rf.b138d2700bb1500d0b26fef.jpg,Fracture Dislocation,treino
Fracture Dislocation/Train/gr1_lrg_jpg.rf.b138d2700bb156e32430b700d0b26fef.jpg,Fracture Dislocation,treino
Fracture Dislocation/Train/image11_jpeg.rf.b32da1dc362c9bfa4e45266b46be6.jpg,Fracture Dislocation,treino
Fracture Dislocation/Train/image12_jpeg.rf.f470d4b4f43b022e09a1354f0b424f78.jpg,Fracture Dislocation,treino
Fracture Dislocation/Train/image13_jpeg.rf.bec227ccd3d28aa517f2b44d22b611fc.jpg,Fracture Dislocation,treino
Fracture Dislocation/Train/image14_jpeg.rf.9cd940a79567f32249bfd958dc34ff68.jpg,Fracture Dislocation,treino
Fracture Dislocation/Train/image16_jpeg.rf.26c44b5cc4cd37df6964b01809904121.jpg,Fracture Dislocation,treino
Fracture Dislocation/Train/image18_jpeg.rf.c384728c54a1c31be9d054d13ab7fd22.jpg,Fracture Dislocation,treino
Fracture Dislocation/Train/image1figure1edit01_1102610_jpg.rf.588dc8f696544092683b7e78c214eed1.jpg,Fracture Dislocation,treino
Fracture Dislocation/Train/image20_jpeg.rf.8a89e0e1fab7e53f5cba2a0bd65ba976.jpg,Fracture Dislocation,treino
Fracture Dislocation/Train/image21_jpeg.rf.35b8827cc0a6d988797e57f3685c722d.jpg,Fracture Dislocation,treino
Fracture Dislocation/Train/image21_jpeg.rf.35b88988797e57f3685c722d.jpg,Fracture Dislocation,treino
Fracture Dislocation/Train/image22_jpeg.rf.dd7df6085c3b1f817643e5a18b89b63d.jpg,Fracture Dislocation,treino
Fracture Dislocation/Train/image25_jpeg.rf.2e86e05a986064c4cb2.jpg,Fracture Dislocation,treino
Fracture Dislocation/Train/image25_jpeg.rf.2e86e05a9864c740ef0cedc0064c4cb2.jpg,Fracture Dislocation,treino
Fracture Dislocation/Train/image28_jpeg.rf.6503e348fea4497cc6cec71b2d7f4520.jpg,Fracture Dislocation,treino
Fracture Dislocation/Train/image29_jpeg.rf.37c863c2ba3611b7f4fa75d82e82.jpg,Fracture Dislocation,treino
Fracture Dislocation/Train/image29_jpeg.rf.37c863c2edbdba3611b7f4fa75d82e82.jpg,Fracture Dislocation,treino
Fracture Dislocation/Train/image31_jpeg.rf.966b2ec164.jpg,Fracture Dislocation,treino
Fracture Dislocation/Train/image31_jpeg.rf.9fb28a3cc82566b2ec164.jpg,Fracture Dislocation,treino
Fracture Dislocation/Train/image32_jpeg.rf.0cd9c3f4cb457ac78b29ddbf67240.jpg,Fracture Dislocation,treino
Fracture Dislocation/Train/image32_jpeg.rf.0cd9c3f4cb457ac78b29ddbf67b53240.jpg,Fracture Dislocation,treino
Fracture Dislocation/Train/image3_jpeg.rf.5be0b2530178652a21db62fd7476bd75.jpg,Fracture Dislocation,treino
Fracture Dislocation/Train/image4_jpeg.rf.b9b5e83a799c82dfe43bc01a9cfea21c.jpg,Fracture Dislocation,treino
Fracture Dislocation/Train/image8_jpeg.rf.d1eea199c346ebadf0cd86f75eece161.jpg,Fracture Dislocation,treino
Fracture Dislocation/Train/images11_jpg.rf.f49a62d108ce15babe1c6f07cdb6ff41.jpg,Fracture Dislocation,treino
Fracture Dislocation/Train/images13_jpg.rf.f5f8b144c22975c2db1d9d9.jpg,Fracture Dislocation,treino
Fracture Dislocation/Train/images13_jpg.rf.f5f8b1cf544c22975c2db1d9d9.jpg,Fracture Dislocation,treino
Fracture Dislocation/Train/images13_jpg.rf.f5f8b1cf548db8e44c22975c2db1d9d9.jpg,Fracture Dislocation,treino
Fracture Dislocation/Train/images13_jpg.rf.f5f8b1cf548e44c22975c2db1d9d9.jpg,Fracture Dislocation,treino
Fracture Dislocation/Train/images16_jpg.rf.09663e786a7986ab28cfdc378620ca2d.jpg,Fracture Dislocation,treino
Fracture Dislocation/Train/images17_jpg.rf.f1708c6114060a32136c5b2e756b310e.jpg,Fracture Dislocation,treino
Fracture Dislocation/Train/images18_jpg.rf.26eda2e2f4e9f31a65d54222a194b.jpg,Fracture Dislocation,treino
Fracture Dislocation/Train/images18_jpg.rf.26eda2e2fd714e9f31a65d54222a194b.jpg,Fracture Dislocation,treino
Fracture Dislocation/Train/images18_jpg.rf.26eda2e54222a194b.jpg,Fracture Dislocation,treino
Fracture Dislocation/Train/images21_jpg.rf.4ea90dfd023828752d3c3094d4cdcfd9.jpg,Fracture Dislocation,treino
Fracture Dislocation/Train/images22_jpg.rf.8813957da93e615975f6d8ca135d1d9b.jpg,Fracture Dislocation,treino
Fracture Dislocation/Train/images26_jpg.rf.f28e555d877cbafa7b4da12e763dd23a.jpg,Fracture Dislocation,treino
Fracture Dislocation/Train/images4_jpg.rf.643b94ac51b45ba.jpg,Fracture Dislocation,treino
Fracture Dislocation/Train/images4_jpg.rf.643bac51b45ba.jpg,Fracture Dislocation,treino
Fracture Dislocation/Train/images5_jpg.rf.67b9c46ceaab61c6807499d3e4b1.jpg,Fracture Dislocation,treino
Fracture Dislocation/Train/images9_jpg.rf.4f4ecc1179dd78eea35b2a018d7b26bc.jpg,Fracture Dislocation,treino
Fracture Dislocation/Train/jfmk-07-00030-g001_png.1e8d6666777.jpg,Fracture Dislocation,treino
Fracture Dislocation/Train/jfmk-07-00030-g001_png.1e8d66777.jpg,Fracture Dislocation,treino
Fracture Dislocation/Train/jfmk-07-00030-g001_png.rf.fe7297a31e8d6666777.jpg,Fracture Dislocation,treino
Fracture Dislocation/Train/lightbox_36896a901c8b11ec811b03ac191d423b-L-pre-reduct-resized_png.rf.abd6698fc535e4f3cce89fdbc096dfb0.jpg,Fracture Dislocation,treino
Fracture Dislocation/Train/lightbox_ff8e0dd027ac11eb92a5b7c2605fc013-figure-1_png.rf.e7f6c87caf004b92b9c429cfcb073456.jpg,Fracture Dislocation,treino
Fracture Dislocation/Train/maxresdefault2_jpg.rf.0e3a180bbbaa38cb792fb6dd140e74a4.jpg,Fracture Dislocation,treino
Fracture Dislocation/Train/ot1020_otgr_f1_og_jpg.r458596504941ee7e64eb43f41a.jpg,Fracture Dislocation,treino
Fracture Dislocation/Train/ot1020_otgr_f1_og_jpg.rf.0458090596504941eefb7e64eb43f41a.jpg,Fracture Dislocation,treino
Fracture Dislocation/Train/pediatric20elbow20dislocation20and20mediadyle20fracture_g.rf.7fd0217ef2ea1200be525743c4330f90.jpg,Fracture Dislocation,treino
Fracture Dislocation/Train/pediatric20elbow20dislocation20and20medial20epicpondyle20fracture_g.rf.7fd0217ef2ea1200be525743c4330f90.jpg,Fracture Dislocation,treino
Fracture Dislocation/Train/radiocarpal_dislocation-_jpg.rf.3085ea123b819ca081832819cd1f503a.jpg,Fracture Dislocation,treino
Greenstick fracture/Test/0-_jumbo_jpeg.rf.f83148ed2e6771e243f98f5595db6b9c.jpg,Greenstick fracture,treino
Greenstick fracture/Test/001_jumbo_jpeg.rf.ebf440662388fc36df361ce39890acb2.jpg,Greenstick fracture,treino
Greenstick fracture/Test/1-s2-0-S1930043321005148-gr1_j.rf.ea5be53ec584c7fa9e3e1ddba7210dd5.jpg,Greenstick fracture,treino
Greenstick fracture/Test/1-s2-0-S1930043321005148-gr1_jpg.rf.ea5be53ec584c7fa9e3e1ddba7210dd5.jpg,Greenstick fracture,treino
Greenstick fracture/Test/15ff6b9162cf7c04caad3fbd4f4a2e_gallery_jpg.rf.bdcd5db0dd212b125b361a70ddf63265.jpg,Greenstick fracture,treino
Greenstick fracture/Test/247_2019_4591_Fig4_HTML_jpg.rf.55ba8a51eb38363815c04444d7dcd509.jpg,Greenstick fracture,treino
Greenstick fracture/Test/2560px-Greenstick_fracture2C_A-P_view_jpg.rf.290485498308a848fd2518e20b0426b1.jpg,Greenstick fracture,treino
Greenstick fracture/Test/40926tn_jpg.rf.95b23c6c30cc0d022f5af322fe72b9ce.jpg,Greenstick fracture,treino
Greenstick fracture/Test/474345-58c87a400ed40ee60296b02ce19ee7dc_1_jpg.rf.31fd8bccbbf50f2664f3fab7a971f790.jpg,Greenstick fracture,treino
Greenstick fracture/Test/5081d90aea64c_jpg.rf.236544b7b485ea3c53214f7c1ae90430.jpg,Greenstick fracture,treino
Greenstick fracture/Test/6550e902d0af421ad3b94f073620d1_gallery_jpeg.rf.c23760797e0bcc7af6ab14327062b17f.jpg,Greenstick fracture,treino
Greenstick fracture/Test/69f4dcb3b060206f0acaec9f0a25bf3a67ceb063d5e06889caea74ed65332482_jumbo_jpeg.rf.ea88d6dd7d4a8a9a47a31053ce9952e7.jpg,Greenstick fracture,treino
Greenstick fracture/Train/3115574c112e21d961cf0f63929a8786_jpg.rf.4528c620dc1e6ae74bc00ea5bd1e5730.jpg,Greenstick fracture,treino
Greenstick fracture/Train/376010893_jpg.rf.19a332341870f296e7c3aa47d.jpg,Greenstick fracture,treino
Greenstick fracture/Train/376010893_jpg.rf.19a332341870f296e7c3aa491937ed7d.jpg,Greenstick fracture,treino
Greenstick fracture/Train/A-Initial-fracture-Follow-up-radiograph_png.a7b09117eb778be10771416.jpg,Greenstick fracture,treino
Greenstick fracture/Train/A-Initial-fracture-radiograph-showing-a-B-Follow-up-radiograph_png.a7b09117eb778be10771416.jpg,Greenstick fracture,treino
Greenstick fracture/Train/A-Initial-fracture-radiograph-showing-a-greenstick-fracture-B-Follow-up-radiograph_png.a7b09117eb778be10771416.jpg,Greenstick fracture,treino
Greenstick fracture/Train/A214966_1_En_4_Fig4_HTML_jpg.rf.4a1be1b6de9bf170aef3d852c4ae97.jpg,Greenstick fracture,treino
Greenstick fracture/Train/A214966_1_En_4_Fig4_HTML_jpg.rf.4a1be561b6de9bf170aef3d852c4ae97.jpg,Greenstick fracture,treino
Greenstick fracture/Train/A214966_1_En_4_FigTML_jpg.rf.4a1be1b6de9bf170aef3d852c4ae97.jpg,Greenstick fracture,treino
Greenstick fracture/Train/AJGP-11-2020-Clcal-Skled-Bent-Broken-Fig-1_jpg.rf.f5fb593f9b3258cd1d5e4ff81cd5ae2a.jpg,Greenstick fracture,treino
Greenstick fracture/Train/AJGP-11-2020-Clinical-Selvakumaran-Buckled-Bent-Broken-Fig-1_jpg.rf.f5fb593f9b3258cd1d5e4ff81cd5ae2a.jpg,Greenstick fracture,treino
Greenstick fracture/Train/AJGP-11-2020-Clinical-Skled-Bent-Broken-Fig-1_jpg.rf.f5fb593f9b3258cd1d5e4ff81cd5ae2a.jpg,Greenstick fracture,treino
Greenstick fracture/Train/Comparison-imaging-of-pediatric-fractures_jpg.339d8d0f5e1ae7b77ee6efceaf5a1386.jpg,Greenstick fracture,treino
Greenstick fracture/Train/Comparison-imaging-of-pediatric-fractures_jpg.rf.339d8d0f5e1ae7b77ee6efceaf5a1386.jpg,Greenstick fracture,treino
Greenstick fracture/Train/Comparison-imaging-of-peric-fractug9d8d0f5e1ae7b77ee6efceaf5a1386.jpg,Greenstick fracture,treino
Greenstick fracture/Train/Comparison-imaging-of-peric-fracturesg.339d8d0f5e1ae7b77ee6efceaf5a1386.jpg,Greenstick fracture,treino
Greenstick fracture/Train/Comparison-imaging-of-peric-fracturesg9d8d0f5e1ae7b77ee6efceaf5a1386.jpg,Greenstick fracture,treino
Greenstick fracture/Train/F2-large2_jpg.rf.909564a6e3fea1037f579a8c2b718ec1.jpg,Greenstick fracture,treino
Greenstick fracture/Train/F2-large_jpg.rf.e951d37c62798156e8e7b6f454dccf51.jpg,Greenstick fracture,treino
Greenstick fracture/Train/Greenstick-300x265_jpg.rf.d86c08d814d3a4fb36e5.jpg,Greenstick fracture,treino
Greenstick fracture/Train/Greenstick_fracture2C_lateral_view_jpg.rf.c56f8f1d8fb8534c211d4ef1a00ff7e8.jpg,Greenstick fracture,treino
Greenstick fracture/Train/Greenstickfractures-JPEG_jpg.rf.1644947c466002445c7bdc9b132be5c1.jpg,Greenstick fracture,treino
Greenstick fracture/Train/Greenstickfx_jpg.rf.577c2a132d721a84da75aecb2d3d0401.jpg,Greenstick fracture,treino
Greenstick fracture/Train/Greenstickfxradius_jpg.rf.65d105d96918cb626cef58c4638d65e1.jpg,Greenstick fracture,treino
Greenstick fracture/Train/Greenstickfxradius_jpg.rf.65d105d96918cb626cef58c46d65e1.jpg,Greenstick fracture,treino
Greenstick fracture/Train/Gruenholzfraktur_-_Unterarmfraktur_jpg.rf.49fefdeaf3c85ceb7a85dcb1fd1079ee.jpg,Greenstick fracture,treino
Greenstick fracture/Train/Radiographs-of-the-right-wrist-at-the-time-of-injury-show-a-greenstick-fracture-of-the_png.rf.11a54146d63994ac580026512fac7e8b.jpg,Greenstick fracture,treino
Greenstick fracture/Train/Radiology_ND_0125_ABF_jpg.rf.3f5c042e47a87f0408487a61521f5.jpg,Greenstick fracture,treino
Greenstick fracture/Train/a4a7ce2566d595ab4d85122c860a73fc-pediatric-radiology-radiologic-technologist_jpg.rf.6af1cc0ddf5b43ee1426a98df5eb28ca.jpg,Greenstick fracture,treino
Greenstick fracture/Train/a509797810e432_greenstick_jpg.rf.c146d133697935a23e0f1a9160b744f0.jpg,Greenstick fracture,treino
Greenstick fracture/Train/bbfrx3_jpg.rf.023bfda9bce9e3fbea1790641fe949df.jpg,Greenstick fracture,treino
Greenstick fracture/Train/c0775e1108f1dd0ff3ada8b4236468_jumbo_-_Copy_jumbo_jpeg.rf.3ae1fd7f229c8d721be5e601a53a1825.jpg,Greenstick fracture,treino
Greenstick fracture/Train/distal-radius-torus-fracture_jpg.rf.29556a0fbc1d3e67b32766973.jpg,Greenstick fracture,treino
Greenstick fracture/Train/fracture-radius-ulna-3-year-old_jpg.rf.9a791256db55d5bfeee9f593700aae14.jpg,Greenstick fracture,treino
Greenstick fracture/Train/fracturegreenstick02jakfooshforearmacutepln6yo_jpg.rf.5577e35c5e3bce4414cae6437ac94a56.jpg,Greenstick fracture,treino
Greenstick fracture/Train/g04jl21g15a_jpeg.rf.ed477649cfddf551a4c9240c2ce90e4e.jpg,Greenstick fracture,treino
Greenstick fracture/Train/greenstick-fracture-involving-radius_big_gallery_jpeg.rf.5e627ee89a3fcb6e09091f3a1cc6ab26.jpg,Greenstick fracture,treino
Greenstick fracture/Train/greenstick-lateral_jpg.rf.a4c6b83ec9c7d91ec872f765ed84f7f9.jpg,Greenstick fracture,treino
Greenstick fracture/Train/greenstick2_jpg.rf.8b21b7487d6fb70c34da06dd3443.jpg,Greenstick fracture,treino
Greenstick fracture/Train/greenstick2_jpg.rf.8b21b7487e4ced6fb70c34da06dd3443.jpg,Greenstick fracture,treino
Greenstick fracture/Train/greenstick_jpg.rf.a5c56be764c4ae30a3098856bc9169f2.jpg,Greenstick fracture,treino
Greenstick fracture/Train/hqdefault_jpg.rf.03985c733db2ba772348639531659c92.jpg,Greenstick fracture,treino
Greenstick fracture/Train/image12_jpeg.rf.0749a955ab14ab02c77730641656.jpg,Greenstick fracture,treino
Greenstick fracture/Train/image12_jpeg.rf.0749a955aba84514ab02c77730641656.jpg,Greenstick fracture,treino
Greenstick fracture/Train/image13_jpeg.rf.bf7370768c21919fbc560e56fe7770ff.jpg,Greenstick fracture,treino
Greenstick fracture/Train/image14_jpeg.rf.b18dfce682391ee9913220a5319acc16.jpg,Greenstick fracture,treino
Greenstick fracture/Train/image14_jpeg.rf.b18dfce68ee9913220a5319acc16.jpg,Greenstick fracture,treino
Greenstick fracture/Train/image15_jpeg.rf.7a875ac5d3df875d780e8cc1fa53284f.jpg,Greenstick fracture,treino
Greenstick fracture/Train/image17_jpeg.rf.5060cfe075f657ab78fde3d070d936f7.jpg,Greenstick fracture,treino
Greenstick fracture/Train/image19_jpeg.rf.d43748b821d95d253e10a3f209e146af.jpg,Greenstick fracture,treino
Greenstick fracture/Train/image23_jpeg.rf.a0315194f059878cff330f44429a733b.jpg,Greenstick fracture,treino
Greenstick fracture/Train/image24_jpeg.rf.181c035c9515a635636306737011660f.jpg,Greenstick fracture,treino
Greenstick fracture/Train/image26_jpeg.rf.675f0daa8769e554efc7e80841f1634a.jpg,Greenstick fracture,treino
Greenstick fracture/Train/image28_jpeg.rf.59694ce75597f752eac764a75e4265c4.jpg,Greenstick fracture,treino
Greenstick fracture/Train/image29_jpeg.rf.e1feb47f87600327119a07f2c69605cf.jpg,Greenstick fracture,treino
Greenstick fracture/Train/image2_jpeg.rf.b5926a4a085c19ad61a2ff577c113958.jpg,Greenstick fracture,treino
Greenstick fracture/Train/image31_jpeg.rf.5a587b83d066c862e9456fb334f1.jpg,Greenstick fracture,treino
Greenstick fracture/Train/image7_jpeg.rf.f61a4eb51513e46355540e7fd4fed2d8.jpg,Greenstick fracture,treino
Greenstick fracture/Train/images10_jpg.rf.e32de74bcf15dc9f1fbab4c205613299.jpg,Greenstick fracture,treino
Greenstick fracture/Train/images12_jpg.rf.227b41d1682207c5c7c3cd99ba3ade37.jpg,Greenstick fracture,treino
Greenstick fracture/Train/images14_jpg.rf.cfa2b65d744a542ee82fe2fbc7a833f8.jpg,Greenstick fracture,treino
Greenstick fracture/Train/images3_jpg.rf.136e68e1dd28992e810488eb16f7108e.jpg,Greenstick fracture,treino
Greenstick fracture/Train/images4_jpg.rf.dbedabde07f3911d24e5b85f4bd27693.jpg,Greenstick fracture,treino
Greenstick fracture/Train/images7_jpg.rf.14feced721f93947f1f92689ae9de854.jpg,Greenstick fracture,treino
Greenstick fracture/Train/pedi6-JPG_jpg.rf.d128aee3ca5d06a2c4a79b104b8fa372.jpg,Greenstick fracture,treino
Greenstick fracture/Train/pedi6-JPG_jpg.rf.d128aee3ca5d06a2c4b104b8fa372.jpg,Greenstick fracture,treino
Greenstick fracture/Train/x-ray-wrist-greenstick-fracture-radius-marker-negative-right-136595001_jpf.83ac9f132a7c842d809d0f3c90eb7f57.jpg,Greenstick fracture,treino
Greenstick fracture/Train/x-ray-wrist-greenstick-fracture-radius-marker-negative-right-136595001_jpg.rf.83ac9f132a7c842d809d0f3c90eb7f57.jpg,Greenstick fracture,treino
Greenstick fracture/Train/xray-wrist-greenstick-fracture-radius-260nw-12756848_jpg.rf.12933164c5a5b2311333def69313ab8a.jpg,Greenstick fracture,treino
Greenstick fracture/Train/xray-wrist-greenstick-fracture-radius-260nw-1283756848_jpg.rf.12933164c5a5b2311333def69313ab8a.jpg,Greenstick fracture,treino
Hairline Fracture/Test/0-_jumbo_jpeg.rf.d39588df830d194c0cda3b800664160b.jpg,Hairline Fracture,treino
Hairline Fracture/Test/10195_2010_9ig2_HTML_jpg.rf.c12df3901db2a4b4e0952d10f5660ae0.jpg,Hairline Fracture,treino
Hairline Fracture/Test/2995c0750ed98208c238f4b6a27ddd_jumbo_jpg.rf.f3c327c6d4893a32a5bdf9d01f425028.jpg,Hairline Fracture,treino
Hairline Fracture/Test/2995c0750ed98208c238f4b6ad_jumbo_jpg.rf.f3c327c6d4893a32a5bdf9d01f425028.jpg,Hairline Fracture,treino
Hairline Fracture/Test/2bc441c91f63a9588fab405fde2ae3_jumbo_jpeg.rf.9b7b45ce86f1197b06bbfbdd736b8b55.jpg,Hairline Fracture,treino
Hairline Fracture/Test/640px-Cropped_version_of_Jonesfracture_jpg.rf.cbf840958b7c85972169a63197313018.jpg,Hairline Fracture,treino
Hairline Fracture/Test/7919tn_jpg.rf.43200f6cb2d72e3082805002b9f3a1f8.jpg,Hairline Fracture,treino
Hairline Fracture/Train/118310170f8fcd378be23758f73570_jumbo_jpeg.rf.aa501805e28e21bed86d260770f21ee6.jpg,Hairline Fracture,treino
Hairline Fracture/Train/20983tn_jpg.rf.5e1f76b5b7b3f6c679b02d6f301a80e6.jpg,Hairline Fracture,treino
Hairline Fracture/Train/43019_2022_139_Fig1_HTML_jpg.rf.b788595a2bd3ec29f5f934b258fc776d.jpg,Hairline Fracture,treino
Hairline Fracture/Train/43019_2022_139_Fig1_HTML_jpg.rf.b788595d3ec29f5f934b258fc776d.jpg,Hairline Fracture,treino
Hairline Fracture/Train/56653e2e0621405fc4065e87298031_jumbo_jpeg.rf.59e6400f139ec50b51a3289d02d242de.jpg,Hairline Fracture,treino
Hairline Fracture/Train/85875d48445a55e8241a101c1685fc_gallery_jpeg.rf.444fa93e2f126873f2c2ede78676caf1.jpg,Hairline Fracture,treino
Hairline Fracture/Train/A-Lateral-plain-radiograph-showing-the-dreaded-black-line-highlighted-with-the_png.rf.4dc4617c722fb1cd249cb8563544969c.jpg,Hairline Fracture,treino
Hairline Fracture/Train/A320567_1_En_5_Fig3_HTML_jpg.rf.94ac07af6d69b71d28929cda494a7ea8.jpg,Hairline Fracture,treino
Hairline Fracture/Train/A320567_1_En_5_Fig4_HTML_jpg.rf.af37290c11596fddfd117e126285949c.jpg,Hairline Fracture,treino
Hairline Fracture/Train/A320567_1_En_5_Fig5_HTML_jpg.rf.c1b04f919eb7cba3779f97eca5725041.jpg,Hairline Fracture,treino
Hairline Fracture/Train/Calcaneal-stress-fracture-001_jpg.rf.200a09222e403ac0f3b8466c52453ea8.jpg,Hairline Fracture,treino
Hairline Fracture/Train/Hairline-fractures_png.rf.1e758c6f946ab2ad5967115102e28a49.jpg,Hairline Fracture,treino
Hairline Fracture/Train/Radiograph-showing-stress-fracture-of-medial-femoral-condyle-with-degenerative-changes-in_png.rf.4c414921e1fc8e53a09b5e42d5517715.jpg,Hairline Fracture,treino
Hairline Fracture/Train/Stress-Fracture-Xrays_jpg.rf.1036a4c17f3c3d4f5820281f9b10bb0f.jpg,Hairline Fracture,treino
Hairline Fracture/Train/X-ray_of_periosteal_reaction_of_a_stress_fracture_of_the_radius_jpg.rf.45d3b8335b831ededcbf7d36284d1744.jpg,Hairline Fracture,treino
Hairline Fracture/Train/a5097977a181fa_x-vs-stir_jpg.rf.58eee102208f25db50253905db351b46.jpg,Hairline Fracture,treino
Hairline Fracture/Train/a5097977a1eb9d_ntvg-knee_jpg.rf.706f88418c5fb3d7e3cfc0adc140a6ed.jpg,Hairline Fracture,treino
Hairline Fracture/Train/a5097977a216c6_stress-tibia-rijnl_jpg.rf.ee5858ea2e2cee2ac2a55c198fbd4cc5.jpg,Hairline Fracture,treino
Hairline Fracture/Train/a5097977a216c6_stress-tibia-rijnland_jpg.rf.ee5858ea2e2cee2ac2a55c198fbd4cc5.jpg,Hairline Fracture,treino
Hairline Fracture/Train/a5097977a22443_fibula_jpg.rf.ad88b884d995f003ec87d2971f5ca697.jpg,Hairline Fracture,treino
Hairline Fracture/Train/a5097977a22d4c_metatarsal_jpg.rf.9c51afb0204cf1c39e3a57410b38f96c.jpg,Hairline Fracture,treino
Hairline Fracture/Train/a5097977a231ef_metatal2_jpg.rf.d5163e72a121fc62d7720e7f2096a7.jpg,Hairline Fracture,treino
Hairline Fracture/Train/a8d66de72edb47732c1d2be7f3_gallery_jpg.rf.7480d438695221bcb83b3ef7239528b1.jpg,Hairline Fracture,treino
Hairline Fracture/Train/b01ca8724c9057f76a0cefa0d8c519f5_jpg.rf.edae2419cc0467a1ecba8c294cea0783.jpg,Hairline Fracture,treino
Hairline Fracture/Train/bjr-85-1016-1148-f01_jpeg.rf.5005013c2687ac451576f1a45dbb8618.jpg,Hairline Fracture,treino
Hairline Fracture/Train/bones_what_to_7.rf.f7f16.jpg,Hairline Fracture,treino
Hairline Fracture/Train/bones_what_to_7g.rf.f56d7f16.jpg,Hairline Fracture,treino
Hairline Fracture/Train/bones_what_to_7g.rf.f7f16.jpg,Hairline Fracture,treino
Hairline Fracture/Train/bones_what_to_k_7329_732g.rf.85dff1f0a0deb0093f75b56d7f16.jpg,Hairline Fracture,treino
Hairline Fracture/Train/bones_what_to_k_7329_732g.rf.85dff1f0eb0093f75b56d7f16.jpg,Hairline Fracture,treino
Hairline Fracture/Train/bones_what_to_k_7329_g.rf.85dff1f0eb0075b56d7f16.jpg,Hairline Fracture,treino
Hairline Fracture/Train/bones_what_to_k_7329_g.rf.85dff1f0eb0093f75b56d7f16.jpg,Hairline Fracture,treino
Hairline Fracture/Train/bones_what_to_k_7329_g.rf.f0056d7f16.jpg,Hairline Fracture,treino
Hairline Fracture/Train/bones_what_to_k_7329_g.rf.f0075b56d7f16.jpg,Hairline Fracture,treino
Hairline Fracture/Train/bones_what_to_k_7329_g.rf.ff1f0075b56d7f16.jpg,Hairline Fracture,treino
Hairline Fracture/Train/bones_what_to_k_7329_thu732g.rf.85dff1f0a0deb0093f75b56d7f16.jpg,Hairline Fracture,treino
Hairline Fracture/Train/bones_what_to_k_7329_thu732g.rf.85dff51f0a0deb0093f75b56d7f16.jpg,Hairline Fracture,treino
Hairline Fracture/Train/bones_what_to_k_7329_thu732x549_jpg.rf.85dff51f0a0deb0093f75b56d7f16.jpg,Hairline Fracture,treino
Hairline Fracture/Train/bones_what_to_k_732x549_thu732x549_jpg.rf.85dff51f0a0deb0093f75b56d7f16.jpg,Hairline Fracture,treino
Hairline Fracture/Train/bones_what_to_k_732x549_thumb-1-732x549_jpg.rf.9df85dff51f0a0deb0093f75b56d7f16.jpg,Hairline Fracture,treino
Hairline Fracture/Train/bones_what_to_know_732x549_thumb-1-732x549_jpg.rf.9df85dff51f0a0deb0093f75b56d7f16.jpg,Hairline Fracture,treino
Hairline Fracture/Train/c3544ea19278ee2005e1730b96f835_gallery_jpg.rf.ca35e7984e5c7ab494fa801084787be6.jpg,Hairline Fracture,treino
Hairline Fracture/Train/fe0b29d393f33d92c9e4fcd0bae57f_jumbo_jpg.rf.fa9c548b855a1c02ba111f9b3bd679f4.jpg,Hairline Fracture,treino
Hairline Fracture/Train/fped-07-00397-g001_jpg.rf.121196a84bf7b28cde5387af8fbd2.jpg,Hairline Fracture,treino
Hairline Fracture/Train/fped-07-00397-g001_jpg.rf.121196a84bf7b28cde538c5e7af8fbd2.jpg,Hairline Fracture,treino
Hairline Fracture/Train/hairline-fracture-600_jpg.rf.618d08b1030b4b9a8974e28b632ce41e.jpg,Hairline Fracture,treino
Hairline Fracture/Train/hairline-fracture-600x472_jpg.rf.618d08b1030b4b9a8974e28b632ce41e.jpg,Hairline Fracture,treino
Hairline Fracture/Train/hairlinefracture-674-article_jpg.rf.12980b5ea93b6bc87c35a3cca93f1d8f.jpg,Hairline Fracture,treino
Hairline Fracture/Train/image10_jpeg.rf.b0c73ca2dc38a7dec1ccb0ccc1e1c6e9.jpg,Hairline Fracture,treino
Hairline Fracture/Train/image11_jpeg.rf.81b5584061823e7f31042b78dbd4821b.jpg,Hairline Fracture,treino
Hairline Fracture/Train/image14_jpeg.rf.eb57cfc38dfa550d350c8fdbfad1dc6c.jpg,Hairline Fracture,treino
Hairline Fracture/Train/image17_jpeg.rf.36790e784b5aa8bcca71324f138568fb.jpg,Hairline Fracture,treino
Hairline Fracture/Train/image18_jpeg.rf.1fe77cd3c99661ff9d387b8c0d215142.jpg,Hairline Fracture,treino
Hairline Fracture/Train/image24_jpeg.rf.f614121a459136b7bc418a9c4b70f4cf.jpg,Hairline Fracture,treino
Hairline Fracture/Train/image25_jpeg.rf.55803813b717a714694b056743f5d.jpg,Hairline Fracture,treino
Hairline Fracture/Train/image25_jpeg.rf.55803813bb94717a714694b056743f5d.jpg,Hairline Fracture,treino
Hairline Fracture/Train/image32_jpeg.rf.fc29f97a388a26e2476a40c3b3b00b73.jpg,Hairline Fracture,treino
Hairline Fracture/Train/image32_jpeg.rf.fc29f988a26e2476a40c3b3b00b73.jpg,Hairline Fracture,treino
Hairline Fracture/Train/image4_jpeg.rf.bc157da61b79634de589a230a1595de2.jpg,Hairline Fracture,treino
Hairline Fracture/Train/image_jpeg.rf.69e25de2dc00e9c66a2a14bc8aef3e50.jpg,Hairline Fracture,treino
Hairline Fracture/Train/images10_jpg.rf.fdc8c6e0651912e069ad0aa369a47453.jpg,Hairline Fracture,treino
Hairline Fracture/Train/images14_jpg.rf.0e5b60c908c2195b7c37832f3c6db0e6.jpg,Hairline Fracture,treino
Hairline Fracture/Train/images2_jpg.rf.c45208c5ddbd93eacbdb81f908bb7cd6.jpg,Hairline Fracture,treino
Hairline Fracture/Train/images6_jpg.rf.bd03a715d2d9cd93808dfe1103d2d6c6.jpg,Hairline Fracture,treino
Hairline Fracture/Train/oblique_jpg.rf.469359d5e49915020e5c82035e8760df.jpg,Hairline Fracture,treino
Hairline Fracture/Train/pt08sports4_png.rf.34ab59806e34c0f3d450893c9780.jpg,Hairline Fracture,treino
Hairline Fracture/Train/stress-fracture-big_jpg.rf.c202fca41d20d92e242a6a74.jpg,Hairline Fracture,treino
Hairline Fracture/Train/xray-knees-avulsion-fracture-thumb-732x549_jpg.rf.245a6c847556ecac60f7b6fdf5054447.jpg,Hairline Fracture,treino
Hairline Fracture/Train/xray-knees-avulsion-fracture-thumb-jpg.rf.245a6c847556ecac60f7b6fdf5054447.jpg,Hairline Fracture,treino
Impacted fracture/Test/12891_2018_2170_Fig1_HTML_png.rf.2d45186e46a8dac72a42e99ecc1a957c.jpg,Impacted fracture,treino
Impacted fracture/Test/2021_04_07_19_24_6029_2021_04_07_Ulnar_Fracture_jpg.rf.731c2017d7a1d53d0eaf9ace647e8912.jpg,Impacted fracture,treino
Impacted fracture/Test/20980tn_jpg.rf.08df4572fdeb34428103e11296500c19.jpg,Impacted fracture,treino
Impacted fracture/Test/300px-L4_compressionFracture2008_jpg.rf.d65b16f949aa860fb212af1dadbc9c3f.jpg,Impacted fracture,treino
Impacted fracture/Train/125176fig03a_jpeg.rf.87d0aab20d6a29fb072a7d483667203b.jpg,Impacted fracture,treino
Impacted fracture/Train/246959088_jumbo_jpeg.rf.ebc9b79fd23da66831a0c8f8e465b035.jpg,Impacted fracture,treino
Impacted fracture/Train/3-s2-0-B9781782424499000078-f07-08-9781782424499_jpg.rf.56514a817186ea5d68d82c1a9cc80363.jpg,Impacted fracture,treino
Impacted fracture/Train/41598_2020_64471_HTMLg.rf.5603103f4ac684238f3d05539.jpg,Impacted fracture,treino
Impacted fracture/Train/41598_2020_64479_Fig1_HTML_png.rf.56031035bb06aff4ac684238f3d05539.jpg,Impacted fracture,treino
Impacted fracture/Train/41598_2020_64479_Fig1_HTMLg.rf.56031035bb06aff4ac684238f3d05539.jpg,Impacted fracture,treino
Impacted fracture/Train/41598_2020_64479_Fig2_HTML_png.rf.6d72e2fe8092ce099dd60b6e8056b525.jpg,Impacted fracture,treino
Impacted fracture/Train/B9780702034459000484_gr1a_jpg.rf.23bee9489ff619abddb3ffea539bbf99.jpg,Impacted fracture,treino
Impacted fracture/Train/Collesfracture_jpg.rf.fdf807ed30ae0725dce441063f29f33d.jpg,Impacted fracture,treino
Impacted fracture/Train/Featured-Image_jpg.rf.b6d3784fa3f1f5c0ef7dd91108d42d29.jpg,Impacted fracture,treino
Impacted fracture/Train/Figure-Radiographs-showing-an-impacted-fracture-a-at-presentation-b-after-one-month_png.rf.7dd75db1166a50e67f746664884d7c9c.jpg,Impacted fracture,treino
Impacted fracture/Train/Plastic20deformation20of20the20right20radius20combined20with20ulnar20fracture_jpg.rf.c4187bcb6dfdfaa50501d8c408c9948c.jpg,Impacted fracture,treino
Impacted fracture/Train/Plastic20deformation20of2with20ulnar20fracture_jpg.rf.c4187bcb6dfdfaa50501d8c408c9948c.jpg,Impacted fracture,treino
Impacted fracture/Train/a0ac68bfd3ab6c7c08c53e677bc168_jumbo_jpeg.rf.5ab758e2cfe62cdb233d33fbd5055c1d.jpg,Impacted fracture,treino
Impacted fracture/Train/c0403330-800px-wm_jpg.rf.0e2a62e21e40a8e770fc2bdf89482822.jpg,Impacted fracture,treino
Impacted fracture/Train/dasdadsasdasd.jpg,Impacted fracture,treino
Impacted fracture/Train/dasdasdac83.jpg,Impacted fracture,treino
Impacted fracture/Train/diagnostics-12-00384-g009_png.rf.98cbd77d21f4458735958650972418cf.jpg,Impacted fracture,treino
Impacted fracture/Train/diagnostics-12-00384-g009_png.rf.d77d21f4458735958650972418cf.jpg,Impacted fracture,treino
Impacted fracture/Train/f19acd33226ea13aae04fdf2c42e47_jumbo_jpeg.rf.062cf85cd6af954c1e64ed91e2a7133b.jpg,Impacted fracture,treino
Impacted fracture/Train/fracturetoddler01mdfallfromsliderefhtpln2yo_jpg.rf.f1fe08cd7e925de77de3c40b825b42e4.jpg,Impacted fracture,treino
Impacted fracture/Train/gr1_lrg_jpg.rf.3.jpg,Impacted fracture,treino
Impacted fracture/Train/image11_jpeg.rf.e3237093d168161ac266864077bcb65a.jpg,Impacted fracture,treino
Impacted fracture/Train/image17_jpeg.rf.cb10e39030ba72a6bc4f14d4005d822c.jpg,Impacted fracture,treino
Impacted fracture/Train/image23_jpeg.rf.7b047d0a36cb6932bc19ac4ad8f63d49.jpg,Impacted fracture,treino
Impacted fracture/Train/image28_jpeg.rf.16bed34abbb51590036b0c60e9.jpg,Impacted fracture,treino
Impacted fracture/Train/image2_jpeg.rf.210626a0c43aa65f265dcf80aef8214c.jpg,Impacted fracture,treino
Impacted fracture/Train/image31_jpeg.rf.199fe06a30fcdce66f97a330eb3aa66a.jpg,Impacted fracture,treino
Impacted fracture/Train/image5_jpeg.rf.ef3e88c8f368b9d7924086552379adee.jpg,Impacted fracture,treino
Impacted fracture/Train/image9_jpeg.rf.bf5fccaff0c0d646e597ead818b95ae6.jpg,Impacted fracture,treino
Impacted fracture/Train/image_jpeg.rf.d6f18d723e9933a9acc9d3899e043513.jpg,Impacted fracture,treino
Impacted fracture/Train/images10_jpg.rf.fcbd1e13687c6e7fc011cabf80dc08f4.jpg,Impacted fracture,treino
Impacted fracture/Train/images21_jpg.rf.647ea8877bbfcd3cef244921eaeb92e4.jpg,Impacted fracture,treino
Impacted fracture/Train/images22_jpg.rf.23b53055b0b6d9bfd00ad6a7ccad5585.jpg,Impacted fracture,treino
Impacted fracture/Train/images25_jpg.rf.93f0191a9c133a5cc88bf3ca667077bf.jpg,Impacted fracture,treino
Impacted fracture/Train/images26_jpg.rf.4fa787557f4b8ff0dcce710742453e2e.jpg,Impacted fracture,treino
Impacted fracture/Train/images2_jpg.rf.0b2a81afdcebfcc7993e5bca03dac624.jpg,Impacted fracture,treino
Impacted fracture/Train/images36_jpg.rf.b740d16d148bc8ec0d836775d0cc0ef4.jpg,Impacted fracture,treino
Impacted fracture/Train/images39_jpg.rf.8dc1c976b1ae490c9c9055a48d2f0a8f.jpg,Impacted fracture,treino
Impacted fracture/Train/images40_jpg.rf.05845f04a9e42e5c874c104654384252.jpg,Impacted fracture,treino
Impacted fracture/Train/images46_jpg.rf.797ced09ba20a3545f9acd5e607aa106.jpg,Impacted fracture,treino
Impacted fracture/Train/images7_jpg.rf.b0acdd722fe9f9489b08c32d35e90fcc.jpg,Impacted fracture,treino
Impacted fracture/Train/images9_jpg.rf.7bbbea126914a80b9e62cb2785e2b4e1.jpg,Impacted fracture,treino
Impacted fracture/Train/midshaft-tibia-campagne-sized_jpg.rf.2a240c76ef7ea86e727de44b94951dc1.jpg,Impacted fracture,treino
Impacted fracture/Train/owing-compression-fracture-l1-vertebral-body-medical-image-conce4251-658_jpg.rf.559b23715e98b84662ad842e21224d19.jpg,Impacted fracture,treino
Impacted fracture/Train/owing-compression-fracture-l1-vertebral-body-medical-image-concept_34251-658_jpg.rf.559b23715e98b84662ad842e21224d19.jpg,Impacted fracture,treino
Impacted fracture/Train/screen_shot_2017-04-01_at_11-23-23_am_jpg.rf.a594efd60726c034f843e5f9637c6521.jpg,Impacted fracture,treino
Impacted fracture/Train/urncambridge-orgidbinary555020160617101301362-0121figu11_23a_png.rf.44bcd176b7100e76bb170e6498aebcee.jpg,Impacted fracture,treino
Longitudinal fracture/Test/000008_jpg.rf.7672c617956d755d6e0e935f1e9c9d38.jpg,Longitudinal fracture,treino
Longitudinal fracture/Test/2-Figure1-1_png.rf.515ecc51fd0ec33b35a671d379c1485f.jpg,Longitudinal fracture,treino
Longitudinal fracture/Test/2-Figure1-1_png.rf.515ecc51fd0ecc1485f.jpg,Longitudinal fracture,treino
Longitudinal fracture/Test/21a4e1e58df56b97092f93d8c1c230_jumbo_jpeg.rf.fa12dc139f2460747c7aab3231101fc1.jpg,Longitudinal fracture,treino
Longitudinal fracture/Test/300px-Medical_X-Ray_imaging_NJR06_Nevit_nasal_bone_fracture_jpg.rf.f482a70f53e8ceac96b6ee215badf095.jpg,Longitudinal fracture,treino
Longitudinal fracture/Test/544x728_BODY_Fibula_Fracture_jpg.rf.bb33fd70d075eed4226b2835138e867f.jpg,Longitudinal fracture,treino
Longitudinal fracture/Train/1008-1275-17-06-013-f001_png.rf.54cedd767db0c2fc077b8ee71c9e43c.jpg,Longitudinal fracture,treino
Longitudinal fracture/Train/21151tn_jpg.rf.5b9162d012e2ced3c96ef688dabfdbe1.jpg,Longitudinal fracture,treino
Longitudinal fracture/Train/40942tn_jpg.rf.ea02d4334727c5cd69e25083d7900bf0.jpg,Longitudinal fracture,treino
Longitudinal fracture/Train/40944tn_jpg.rf.f85117d38e3c31931ffd8cd3f8f38563.jpg,Longitudinal fracture,treino
Longitudinal fracture/Train/5081d92848d45_jpg.rf.1e2a0baa221d9049fe04927ae77c1aaa.jpg,Longitudinal fracture,treino
Longitudinal fracture/Train/A320567_1_En_5_Fig6_HTML_jpg.rf.bb8c0d72b86fe86680adbe300f5f7e7c.jpg,Longitudinal fracture,treino
Longitudinal fracture/Train/Axial-and-longitudinal-view-of-a-fracture-of-radius-compared-to-the-antero-posterior-and_png.rf.e77312c9f14b136659070b02b564077.jpg,Longitudinal fracture,treino
Longitudinal fracture/Train/InkedACEP_0820_pg21a_png.rf.89568c42e435eebc84538f809c20dd_LI.jpg,Longitudinal fracture,treino
Longitudinal fracture/Train/InkedACEP_0820_pg21a_png.rf.sasda89568c42e435eebc84538f809c20dd_LI.jpg,Longitudinal fracture,treino
Longitudinal fracture/Train/Inkedimage26_jpeg.rf.e399914b4d15_LI.jpg,Longitudinal fracture,treino
Longitudinal fracture/Train/The20fracture20and20Comparison20view20Emergency20Medicine20Practice-JPG_jpg.rf.bd786bdbdcd5f35c104e8c55b79493a9.jpg,Longitudinal fracture,treino
Longitudinal fracture/Train/Transverse-fracture_Q640_jpg.rf.bd71d2eed0fbf69b27d73a5da8986635.jpg,Longitudinal fracture,treino
Longitudinal fracture/Train/c0775e1108f1dd0ff3ada8b4236468_jumbo_-_Copy_gallery_jpeg.rf.c7e9fb03e9ac757ceb2dc4ab1153af6b.jpg,Longitudinal fracture,treino
Longitudinal fracture/Train/c3b888d6703550954cce7402813926_jumbo_jpg.rf.b1afe5b4fb067b608bb90b9e7b98fa42.jpg,Longitudinal fracture,treino
Longitudinal fracture/Train/children-08-00431-1_pnrf.596d1c08c05b9df5feeffb3bac9fadd.jpg,Longitudinal fracture,treino
Longitudinal fracture/Train/children-08-00431-g001_png.rf.596d1c08c015b9df5feeffb3bac9fadd.jpg,Longitudinal fracture,treino
Longitudinal fracture/Train/children-08-00431-g001_png.rf.596d1c08c05b9df5feeffb3bac9fadd.jpg,Longitudinal fracture,treino
Longitudinal fracture/Train/children-08-0043_pnrf.596d1c08c05b9df5feeffb3bac9fadd.jpg,Longitudinal fracture,treino
Longitudinal fracture/Train/dorsal_cortical_ir_oblique_jpg.rf.d603d36c49ddf70ced80d4d13ae4fa24.jpg,Longitudinal fracture,treino
Longitudinal fracture/Train/e35976_ddf889e22b7d42b3abe6d2f83284a8ddmv2_png.rf.128610f16f5d55e8ac3c606f6b7b6196.jpg,Longitudinal fracture,treino
Longitudinal fracture/Train/figure_seven_wrist_xray_jpg.rf.76d62dd943ff981805c233a35a913a1b.jpg,Longitudinal fracture,treino
Longitudinal fracture/Train/figure_six_wrist_xray_jpg.rf.1ddad8212c6dceb760b761fa90b46629.jpg,Longitudinal fracture,treino
Longitudinal fracture/Train/figure_six_wrist_xray_jpg.rf.1ddad8212c6dceb760b761fa9b46629.jpg,Longitudinal fracture,treino
Longitudinal fracture/Train/gr172_jpg.rf.976b67b77327877fe0a539b1681ecb3a.jpg,Longitudinal fracture,treino
Longitudinal fracture/Train/gr1_lrg_jpg.rf.3349c8c2ce9d77d4efc40bd71c926a93.jpg,Longitudinal fracture,treino
Longitudinal fracture/Train/gr_1ab_jpg.rf.6e84e35069fb5edb9eca6ffa8c4609.jpg,Longitudinal fracture,treino
Longitudinal fracture/Train/gr_1ab_jpg.rf.6e84e35069fbb9eca6ffa8c4609.jpg,Longitudinal fracture,treino
Longitudinal fracture/Train/image13_jpeg.rf.f5d86e81fa4a6eafc25e4ee503152a0b.jpg,Longitudinal fracture,treino
Longitudinal fracture/Train/image21_jpeg.rf.c2ed4ef2e64f19aa02e33ab4b7850309.jpg,Longitudinal fracture,treino
Longitudinal fracture/Train/image25_jpeg.rf.ae28ceca6ded2ccf2b9c51bd20843b94.jpg,Longitudinal fracture,treino
Longitudinal fracture/Train/image30_jpeg.rf.ed7680246c3a5e8bbd3e02260b348d83.jpg,Longitudinal fracture,treino
Longitudinal fracture/Train/image4_jpeg.rf.24e44093519b0976d4b131c7bd20f941.jpg,Longitudinal fracture,treino
Longitudinal fracture/Train/image5_jpeg.rf.100c955b950c06a9f1dbe1ba117f1049.jpg,Longitudinal fracture,treino
Longitudinal fracture/Train/images4_jpg.rf.6fc5b238a326f8d654ecfd446df3b6f9.jpg,Longitudinal fracture,treino
Longitudinal fracture/Train/images5_jpg.rf.96c42ac7d9cf951fa63b5cc5d971c4c1.jpg,Longitudinal fracture,treino
Longitudinal fracture/Train/lightbox_f4586ec05f6311ecbb9e490427b3aebd-pic-1_png.rf.28e28e99048587d0b798adfc3d1572d3.jpg,Longitudinal fracture,treino
Longitudinal fracture/Train/nitial-post-traumatic-anteroposterior-X-ray-of-the-femur-Hip-dysplasia-with-severe_png.rf.61150d3ad4c8e023b252923d255db9ac.jpg,Longitudinal fracture,treino
Longitudinal fracture/Train/paediatric-fractures-45-320_jpg.rf.f065df547b69f3160a1172c4a5292b41.jpg,Longitudinal fracture,treino
Longitudinal fracture/Train/phalanx_jpg.rf.6b2f188001afe10883af86f78a022b3f.jpg,Longitudinal fracture,treino
Longitudinal fracture/Train/pp_long_oblique_jpg.rf.c32bb80237a2954a49613ace007937bc.jpg,Longitudinal fracture,treino
Longitudinal fracture/Train/preop-2_jpg.rf.aa56f91712e5b5bea0672bf02d053a7f.jpg,Longitudinal fracture,treino
Longitudinal fracture/Train/primary-care-fracture-management-927x480_jpg.rf.e9ce00ba8553c4b7af118baa7e1d5a3c.jpg,Longitudinal fracture,treino
Longitudinal fracture/Train/rrr.jpg,Longitudinal fracture,treino
Oblique fracture/Test/10-1055-b-002-85516_c023_f003-1_jpg.rf.a2cb46deb0263fc9290f45ee328c632.jpg,Oblique fracture,treino
Oblique fracture/Test/220px-MalletFinger-PNG_jpg.rf.8eb8b19e344b2ab4d48b4cbeda7b4a80.jpg,Oblique fracture,treino
Oblique fracture/Test/2624240dc461d0c5d2d7fb7e16b3065c_jpg.rf.628b0bc8b7bb91626b4835d7b36293b6.jpg,Oblique fracture,treino
Oblique fracture/Test/493071_0_En_42-1_Fig9_HTML_jpg.rf.5df14a5beb171c842378a962949b7ac6.jpg,Oblique fracture,treino
Oblique fracture/Test/493071_0_En_42-1_Fig9_HTML_jpg.rf.5df14a5beb171c842378a96949b7ac6.jpg,Oblique fracture,treino
Oblique fracture/Test/493071_0_En_4_Fig9_HTML_jpg.rf.5d14a5beb171c2378a96949b7ac6.jpg,Oblique fracture,treino
Oblique fracture/Test/493071_0_En_4_Fig9_HTML_jpg.rf.5d14a5beb171c842378a96949b7ac6.jpg,Oblique fracture,treino
Oblique fracture/Test/493071_0_En_4_Fig9_HTML_jpg.rf.5df14a5beb171c842378a96949b7ac6.jpg,Oblique fracture,treino
Oblique fracture/Test/6355f23b1cf9e11781e91f6af08293_jpg.rf.b4349082bc63bd7f3623633c67cebe25.jpg,Oblique fracture,treino
Oblique fracture/Test/A-radiograph-shows-completely-displaced-short-oblique-fracture-of-the-right-femur-shaft_png.rf.ccee1b8ade24a3ca729780cd9563cf26.jpg,Oblique fracture,treino
Oblique fracture/Test/ankle20per4_jpg.rf.c2cc3850df30ebbc01f5e97b7d812ea0.jpg,Oblique fracture,treino
Oblique fracture/Train/-view-with-finger-splint-for-diagnostic-fracture-and-gouty-arthritis-2C3N97K_jpg.rf.ac8fcc36dc30905cfbc2030283d.jpg,Oblique fracture,treino
Oblique fracture/Train/C7-FF2-1_jpg.rf.62c4943b03b06448c1473d60b16bc7db.jpg,Oblique fracture,treino
Oblique fracture/Train/Case1_jpg.rf.2439c012d5bcdfed05d5e4110b7f.jpg,Oblique fracture,treino
Oblique fracture/Train/Case1_jpg.rf.2439c012d5bcdfed05d5e417f.jpg,Oblique fracture,treino
Oblique fracture/Train/Case1_jpg.rf.2439c012d5bcdfed05d5e47f.jpg,Oblique fracture,treino
Oblique fracture/Train/Howtodescribefractureonx-ray_jpg.rf.04d93dce43e69178faab20529886ef2c.jpg,Oblique fracture,treino
Oblique fracture/Train/IM000003_jpg.rf.4e91fa40fabd9c23137a68153bc8f94a.jpg,Oblique fracture,treino
Oblique fracture/Train/Initial-radiographs-Oblique-spiral-fracture-is-observed-in-the-diaphysis-of-tibia_jpg.rf.9658444cad8609971c790aab2d8dced0.jpg,Oblique fracture,treino
Oblique fracture/Train/Inkedfracture-interpretation-for-medical-students-48-320_jpg.rf.ba96e0e11ccfd0ccd92030d7166a_LI.jpg,Oblique fracture,treino
Oblique fracture/Train/Inkedoblique-fracture-lower-tibia-246x300_jpg.rf.69fe907d7d2e9cfb48_LI.jpg,Oblique fracture,treino
Oblique fracture/Train/Right-humerus-X-ray-shows-oblique-fracture-of-humeral-shaft-with-a-medial-butterfly_png.rf.e5230bf0700b6fca6078bb7be6b3717b.jpg,Oblique fracture,treino
Oblique fracture/Train/T1511F02_Fig01_j92ae5d2f4a590bcbc55.jpg,Oblique fracture,treino
Oblique fracture/Train/X-rays-showing-displaced-oblique-fracture-of-right-middle-finger-distal-phalanx-a-b_Q640_jpg.rf.9b6221039535a950feb06d8456c38aa2.jpg,Oblique fracture,treino
Oblique fracture/Train/b09d1b20e7e311ea881f091bea3146cf-1_png.rf.4f989bc3a508d12a256d5870ee3f8fa8.jpg,Oblique fracture,treino
Oblique fracture/Train/cow218arr_jpg.rf.4f53079b9f69dc3b966b05e6a1a7144.jpg,Oblique fracture,treino
Oblique fracture/Train/cow218arr_jpg.rf.4f53079b9f6dc3b966b056a1a7144.jpg,Oblique fracture,treino
Oblique fracture/Train/cow218arr_jpg.rf.4f53079b9f6dc3b966b05e6a1a7144.jpg,Oblique fracture,treino
Oblique fracture/Train/dd530760e7e311ea945f4f8376e27496-2_png.rf.2016418903aff92b1325e4debf48dc7a.jpg,Oblique fracture,treino
Oblique fracture/Train/f55f0da6134797c646321056770190_gallery_jpg.rf.5e8c79979efd0328ec5b08fd07e766d2.jpg,Oblique fracture,treino
Oblique fracture/Train/g03nv35g19b_jpeg.rf.8af1347a3bfacb730c238fca772a58ce.jpg,Oblique fracture,treino
Oblique fracture/Train/image-1_png.rf.1c5d3fb41a5b7377863e99252bfaf4d2.jpg,Oblique fracture,treino
Oblique fracture/Train/image15_jpeg.rf.0f97ab8f9da6371a898713f3f0bc1d01.jpg,Oblique fracture,treino
Oblique fracture/Train/image16_jpeg.rf.60112aef3d78a6c982d0920452278809.jpg,Oblique fracture,treino
Oblique fracture/Train/image17_jpeg.rf.504fb51c6b6b9d8befa5567e711b1f88.jpg,Oblique fracture,treino
Oblique fracture/Train/image27_jpeg.rf.aa33d8717bcad1b76daca85ce7c4b109.jpg,Oblique fracture,treino
Oblique fracture/Train/image2_jpeg.rf.ec95dc5f2c7fdd358100b39408b45f9f.jpg,Oblique fracture,treino
Oblique fracture/Train/image2lateralxrayfibularz11_1220081_jpg.rf.a4ab9064562d450af6cc3cc6f569bbb0.jpg,Oblique fracture,treino
Oblique fracture/Train/image31_jpeg.rf.49c6015ae65879c6551ec9e802c6c.jpg,Oblique fracture,treino
Oblique fracture/Train/image32_jpeg.rf.d32f38806678d55406a21094627433e5.jpg,Oblique fracture,treino
Oblique fracture/Train/image32_jpeg.rf.d32f38806678d55406a21627433e5.jpg,Oblique fracture,treino
Oblique fracture/Train/image3_jpeg.rf.a4b675eaa9ebcf08192178e58ccc6893.jpg,Oblique fracture,treino
Oblique fracture/Train/image5_jpeg.rf.8c52953df7f34e8e3f6070991c56928b.jpg,Oblique fracture,treino
Oblique fracture/Train/image6_jpeg.rf.03c8938004852182bf149be3921d5864.jpg,Oblique fracture,treino
Oblique fracture/Train/image8_jpeg.rf.374d101e7fb6f29e562b4f6867e2fd8e.jpg,Oblique fracture,treino
Oblique fracture/Train/images2_jpg.rf.6b2484bc1ae12da01bf9c2b63ec33924.jpg,Oblique fracture,treino
Oblique fracture/Train/oblique-fracture-tibia-244x300_jpg.rf.718f4c740fc3d276aeaa395e6563dc58.jpg,Oblique fracture,treino
Oblique fracture/Train/oblique-fracture-tibia-244x300_jpg.rf.718f4c740fc3d276aeaa396563dc58.jpg,Oblique fracture,treino
Oblique fracture/Train/proximal__phalanx__fx_jpg.54b60599e7037336959ff9365f078e.jpg,Oblique fracture,treino
Oblique fracture/Train/proximal__phalanx__fx_jpg.rf.54b60599e7037336959ff9365f078e.jpg,Oblique fracture,treino
Oblique fracture/Train/sabu-raijua-general-hospital-regency-260nw-1839626560_jpg.rf.1ce51da913f3991295335896efe3ff35.jpg,Oblique fracture,treino
Oblique fracture/Train/transverse_fracture-600x338_jpg.rf.d0b5aee592b805b3b0e69f5a9b0743dc.jpg,Oblique fracture,treino
Oblique fracture/Train/v1c19b_jpg.rf.81cf4bd329a28b5ba63dd9d7c23764ab.jpg,Oblique fracture,treino
Oblique fracture/Train/x-ray-hand-ap-oblique-post-fix-fracture-second-metacarpol-bone-with-plate-screws_34251-60_jpg.rf.f9541a445c14fdf0a4c84483d276cf25.jpg,Oblique fracture,treino
Oblique fracture/Train/x-ray-proximal-phalanx-fractures-child-AMM429_jpg.rf.e8aa2a630d9730c92c2b30bf4ce90bb1.jpg,Oblique fracture,treino
Oblique fracture/Train/xray-image-foot-ap-oblique-600w-267976154_jpg.rf.54b9ad550bab02b311438c863a3e1737.jpg,Oblique fracture,treino
Pathological fracture/Test/1-s2-0-S1877056815003461-gr1_jpg.rf.ec0a245d628f490c02ba81171284.jpg,Pathological fracture,treino
Pathological fracture/Test/1-s2-0-S1877056815003461-gr1_jpg.rf.ecdb5a0a245d628f490c02ba81171284.jpg,Pathological fracture,treino
Pathological fracture/Test/1-s2-0-S1877056815003461-gr6_jpg.rf.ad4975a86d23505ff95c659bf9b7319a.jpg,Pathological fracture,treino
Pathological fracture/Test/1-s2-0-S2352187216300080-gr1_jpg.rf.477e8e5de5f8e589b07827541c666829.jpg,Pathological fracture,treino
Pathological fracture/Test/10-1302_2058-5247_jpeg0e7caa4b22d386e38317dab60c.jpg,Pathological fracture,treino
Pathological fracture/Test/1b_jpg.rf.45e283da037d29a26ffb44f397bcc1a1.jpg,Pathological fracture,treino
Pathological fracture/Test/2-Figure1-1_png.rf.9e804429de51de6c690ce31f571a9.jpg,Pathological fracture,treino
Pathological fracture/Test/2-Figure1-1_png.rf.9e804429de51de6c6e8590ce31f571a9.jpg,Pathological fracture,treino
Pathological fracture/Test/2-Figure3-1_png.rf.c51b89ee7be9053a5d4c6df08fd5a852.jpg,Pathological fracture,treino
Pathological fracture/Test/2b092d94ab7a1cdd41f5853d807d86e1_jpg.rf.6586c0707d53092752ac91bfe141856c.jpg,Pathological fracture,treino
Pathological fracture/Test/5b15c2accb90c7880e90b2ca70ec9e28_jpg.rf.1eedf24749b4cb2037bfae26f918f7e8.jpg,Pathological fracture,treino
Pathological fracture/Test/8-2010728x6_png.rf.92b0fe8076d882c69c6528b.jpg,Pathological fracture,treino
Pathological fracture/Test/8-2010728x6_png.rf.92b0fe8076d88866d5e4792c69c6528b.jpg,Pathological fracture,treino
Pathological fracture/Train/12891_2014_Article_2109L_jpg.rf.8f7eca36961e35b40f9c82a149e3813b.jpg,Pathological fracture,treino
Pathological fracture/Train/2000120-galleyfig3_jpeg.3c7add3a3d8ebd3cfe.jpg,Pathological fracture,treino
Pathological fracture/Train/256_2020_3651_Fig1_HTML_jpg.rf.4b4a24f7f00525de1dce8eaa90a41ef0.jpg,Pathological fracture,treino
Pathological fracture/Train/41372_2006_Article_BF7211581_Fig1_HTML_jpg.rf.35f146b2dc94cd20a058d585f31eade4.jpg,Pathological fracture,treino
Pathological fracture/Train/42670e5835dbc81d60729e42a18bcf_jumbo_jpg.rf.982cbd64bb2913e32482b8088762d472.jpg,Pathological fracture,treino
Pathological fracture/Train/52be687c7d580b045476c49dc80b9f_jumbo_jpeg.rf.e45092e9f162a7332f9429d34b902533.jpg,Pathological fracture,treino
Pathological fracture/Train/54d38979da5d67c85b1df0919c12d4_jumbo_jpeg.rf.988cdc1b57b1bd8f2332ce20188cb9de.jpg,Pathological fracture,treino
Pathological fracture/Train/9781604064797_ch087_f001_jpg.rf.00d6e5ca1424648227ce32613775e077.jpg,Pathological fracture,treino
Pathological fracture/Train/A-pathologic-fracture-through-the-tumour-mass-is-evident-Note-the-deviation-of-the_png.rf.0216de3de6a6a31f49dbe98bcef4d0e7.jpg,Pathological fracture,treino
Pathological fracture/Train/A334475_1_En_19_Fig2_HTML_jpg.rf.f2a334be744008c4e8a27c.jpg,Pathological fracture,treino
Pathological fracture/Train/A334475_1_En_19_Fig2_HTML_jpg.rf.f2a334be74c4e8a27c.jpg,Pathological fracture,treino
Pathological fracture/Train/A334475_1_En_19_Fig2_HTML_jpg.rf.f2a33dfd664be744008c4e8a27c.jpg,Pathological fracture,treino
Pathological fracture/Train/AMYLOIDOSIS_jpg.rf.2d5c6d2f0c0d75ee898a1c41c500570.jpg,Pathological fracture,treino
Pathological fracture/Train/AMYLOIDOSIS_jpg.rf.2d5c6d2f0c0da1c41c500570.jpg,Pathological fracture,treino
Pathological fracture/Train/B9780702034459000472_gr1a_jpg.rf.7b759cf6e11ca09f6242804b0567c73c.jpg,Pathological fracture,treino
Pathological fracture/Train/Case-3-x-ray-of-the-pathological-fracture-within-extensive-ostelytic-lesion-of-right_png.rf.d388eaf4f72fafd85439cad97f10983a.jpg,Pathological fracture,treino
Pathological fracture/Train/F2-large_jpg.rf.d36cc12906cdd2b15a5d9a858d8bf1b8.jpg,Pathological fracture,treino
Pathological fracture/Train/Figure_1_pagina_369-PNG_jpg.rf.9e3e38015ba691b0d633777b0ce748b0.jpg,Pathological fracture,treino
Pathological fracture/Train/JCanResTher_2009_5_1_52_48772_u1_jpg.rf.492b5c2a6ceb626cec00f829769a0ae5.jpg,Pathological fracture,treino
Pathological fracture/Train/Pathologische_Femurfraktur_bei7bcd4bf0ebffd074eec38b175f9b0a2.jpg,Pathological fracture,treino
Pathological fracture/Train/Pathologische_Femurfraktur_bei_Mamma-Ca_jpg.rf.e7bcd4bf0ebffd074eec38b175f9b0a2.jpg,Pathological fracture,treino
Pathological fracture/Train/Pathologische_Fraktur_bei_Metastase_Nierencell-Ca_im_Humerus_jpg.rf.3ac9a13165f1814e060ff4f75d2765f1.jpg,Pathological fracture,treino
Pathological fracture/Train/Pre-operativeX-ray-showing-pathological-fracture-of-distal-humerus-anteroposterior-and_png.rf077b446fb59e.jpg,Pathological fracture,treino
Pathological fracture/Train/Radio-pedia3_jumbo_jpeg.rf.99ca9510acc76f1dc7477739247821f6.jpg,Pathological fracture,treino
Pathological fracture/Train/X-ray-of-the-pelvis-anterior-posterior-showing-pathological-fracture-of-the-left-femur_png.rf.6f5aef2dec97459ceb66ac61a2932aa9.jpg,Pathological fracture,treino
Pathological fracture/Train/a86550ab63fe6aeae96fb6225326aa02387a9b2d_jpg.rf.1848975d2d71eb18b3b670eac47d50e8.jpg,Pathological fracture,treino
Pathological fracture/Train/ap20humerus20radiograph20metastases20fracture_jpg.rf.b26f30a729604fc11bef92df9f0738cc.jpg,Pathological fracture,treino
Pathological fracture/Train/aplefthipca071501_802273_jpg.rf.f2fa6eef5a323fefa95e1c86befb6b27.jpg,Pathological fracture,treino
Pathological fracture/Train/b6795f19d9cf6210b796474daf63b5_jumbo_jpeg.rf.391d0a9f5cd1fa8c4715a53bd43f2baa.jpg,Pathological fracture,treino
Pathological fracture/Train/e.jpg,Pathological fracture,treino
Pathological fracture/Train/ea2cb099-e4ab-4c7a-a310-1699b9242b9f-1649988191446_png.rf.984b3b9bec6835f5166ace5b59e50ddb.jpg,Pathological fracture,treino
Pathological fracture/Train/figure1-1572506115_jpg.rf.08d4c7715aa7cc02c2e168a345546aa6.jpg,Pathological fracture,treino
Pathological fracture/Train/full-10-1302_2058-5241-1-000008-fig5_jpeg.rf.629a35d76080cb00260e4169b6e14779.jpg,Pathological fracture,treino
Pathological fracture/Train/gallery_jpeg.rf.fd5ecb478396b3e1a1ea4730b8ed.jpg,Pathological fracture,treino
Pathological fracture/Train/gr12_jpg.rf.da1293de319d1b602c5d836cae476fd7.jpg,Pathological fracture,treino
Pathological fracture/Train/gr13_jpg.rf.a839feb69e9fa41c4b434bda5b0cd490.jpg,Pathological fracture,treino
Pathological fracture/Train/gr14_jp100f3f396.jpg,Pathological fracture,treino
Pathological fracture/Train/gr15_jpg.rf.6c3bac1701f1513f457b3d449e51b819.jpg,Pathological fracture,treino
Pathological fracture/Train/gr1_jpg.rf.30bc424504d1dcdf3a57dc59b4357d4d.jpg,Pathological fracture,treino
Pathological fracture/Train/gr1_lrg2_jpg.rf.02565cd4c7839bf6c1d51d6040ef2336.jpg,Pathological fracture,treino
Pathological fracture/Train/gr1_lrg3_jpg.rf.e13fcde551f0e35ae94945f4680c7af8.jpg,Pathological fracture,treino
Pathological fracture/Train/gr1_lrg4_jpg.rf.62c2523aad12eff16d75a6e930f62f4e.jpg,Pathological fracture,treino
Pathological fracture/Train/gr1_lrg5_jpg.rf.f94b11ace1a7dcc6ac23db0be76dcd18.jpg,Pathological fracture,treino
Pathological fracture/Train/gr1_lrg_jpg.rf.955f0adaa72d67734bd152ee2bc467eb.jpg,Pathological fracture,treino
Pathological fracture/Train/image02056_jpeg.rf.96f31f371ba571950ad27a5774.jpg,Pathological fracture,treino
Pathological fracture/Train/image10_jpeg.rf.c753548cdc03c94b22b6f49bea764e4b.jpg,Pathological fracture,treino
Pathological fracture/Train/image11_jpeg.rf.fe529dce1c43ac592110c9a86154a439.jpg,Pathological fracture,treino
Pathological fracture/Train/image12_jpeg.rf.86a78f7c43fe9a9842da92de776e0f02.jpg,Pathological fracture,treino
Pathological fracture/Train/image13_jpeg.rf.240ba374280828bb3eea39b809a5bb76.jpg,Pathological fracture,treino
Pathological fracture/Train/image14_jpeg.rf.ce1178bcbba75fa1a79ae4fa463b1302.jpg,Pathological fracture,treino
Pathological fracture/Train/image16_jpeg.rf.2c1b25eff9fe9786c1ad60016390937b.jpg,Pathological fracture,treino
Pathological fracture/Train/image21_jpeg.rf.f25fc686540524e17eb894fc69be434c.jpg,Pathological fracture,treino
Pathological fracture/Train/image22_jpeg.rf.205675a5f51871f02ff2473ccb7ec30b.jpg,Pathological fracture,treino
Pathological fracture/Train/image24_jpeg.rf.60c800d0f8a9cab8b2869de2a4995025.jpg,Pathological fracture,treino
Pathological fracture/Train/image29_jpeg.rf.0bddf21e3fadde5a4e3c0eaec2b77e99.jpg,Pathological fracture,treino
Pathological fracture/Train/image31_jpeg.rf.fcd0753982717b68b867664316d143d0.jpg,Pathological fracture,treino
Pathological fracture/Train/image4_jpeg.rf.c9013da83238678762de429d45846dd9.jpg,Pathological fracture,treino
Pathological fracture/Train/image7_jpeg.rf.455815e08882345bd25958a97622b12a.jpg,Pathological fracture,treino
Pathological fracture/Train/image8_jpeg.rf.1a2f2310d34265ca24693a37a33c5551.jpg,Pathological fracture,treino
Pathological fracture/Train/image9_jpeg.rf.72becd0d4319cd864c25a6cb5ef86017.jpg,Pathological fracture,treino
Pathological fracture/Train/image_jpeg.rf.7794a23e3b1345c1534ee67f05ac8b82.jpg,Pathological fracture,treino
Pathological fracture/Train/images6_jpg.rf.e3e97834675d71cf185275b48ffaf1de.jpg,Pathological fracture,treino
Pathological fracture/Train/imaging-in-fractures-23-320_jpg.rf.f1c2f4e7c0df199bf0d27d34122928da.jpg,Pathological fracture,treino
Pathological fracture/Train/lightbox_2bdb9d90f19b11eb8590c18f777b711f-Webp-net-resizeimage_png.rf.ba8578ed71e35b30c4ebcbf7fa7e7ff9.jpg,Pathological fracture,treino
Pathological fracture/Train/lightbox_935b11505b6b11ecb6789bd17e6eaa3e-1_png.rf.6ea100d5dab399b31e9c04d162be10b3.jpg,Pathological fracture,treino
Pathological fracture/Train/lightbox_bcb385d0516511eaa8d2098ae62b22cb-Figure-1_png.rf.1872aa4f4c5d04aa77aaf228d6f2b48a.jpg,Pathological fracture,treino
Pathological fracture/Train/mco-08-01-0107-g02_jpg.rf.8645ddffaf290d5f083d0c2f1af30.jpg,Pathological fracture,treino
Pathological fracture/Train/mco-09-02-0187-g00_jp.e015ce505c0f5d506630819cf73a5612.jpg,Pathological fracture,treino
Pathological fracture/Train/mco-09-02-0187-g00_jpg.rf.e015ce505c0f5d506630819cf73a5612.jpg,Pathological fracture,treino
Pathological fracture/Train/medicina-53-00131-g001-550_jpg.rf.49c99fd89cf19f8d574069cae61c3f35.jpg,Pathological fracture,treino
Pathological fracture/Train/ol-11-01-0439-g00_jpg.rf.35df20d02ff23fd53dba78b29500d6fd.jpg,Pathological fracture,treino
Pathological fracture/Train/pathologicalfractures-170201065538-thumbnail-4_jpg.rf.ad7a136616d6abd10887b2d5e8da1894.jpg,Pathological fracture,treino
Pathological fracture/Train/tibia20path20fx_jpg.rf.f5afdce1d8cbf23a1b8f67fec3397def.jpg,Pathological fracture,treino
Spiral Fracture/Test/0-_jumbo_jpeg.rf.7645898c0465d33bcd71ee0ddb847e0a.jpg,Spiral Fracture,treino
Spiral Fracture/Test/247_2019_4591_FL_jpg.rf.1dc947109f035e160a9c7d7071e08.jpg,Spiral Fracture,treino
Spiral Fracture/Test/3-s2-0-B978012386456706706X-f06706-04-9780123864567_jpg.rf.dd278033e65199fdc2d4d2eca2c01f7b.jpg,Spiral Fracture,treino
Spiral Fracture/Test/411477_jpg.rf.c1f2d0daec00e5d81484533bb0785af9.jpg,Spiral Fracture,treino
Spiral Fracture/Test/590_2014_1411_Fig1_HTML_jpg.rf.9d4ebc234c5605fa8336a4d522e89d48.jpg,Spiral Fracture,treino
Spiral Fracture/Test/590_2014_1411_Fig1_HTc234c5605fa8336a4d522e89d48.jpg,Spiral Fracture,treino
Spiral Fracture/Test/7590tn_jpg.rf.ffbf84219c6752e6e48c797746742f3b.jpg,Spiral Fracture,treino
Spiral Fracture/Train/3732968824_e910c1e03d_c_jpg.rf.4fbfb0cfb1a4323067fe589611d84981.jpg,Spiral Fracture,treino
Spiral Fracture/Train/A-Plain-radiograph-shaft-and-multiple-scattered_Q640_jpg.rf.7d83c56445dd5e9a7334a7d49569fdda.jpg,Spiral Fracture,treino
Spiral Fracture/Train/A-Plain-radiograph-spiral-in-left-femoral-shaft-and-multiple-scattered_Q640_jpg.rf.7d83c56445dd5e9a7334a7d49569fdda.jpg,Spiral Fracture,treino
Spiral Fracture/Train/A-Radiograph-shows-a-spiral-fracture-of-humeral-diaphyseal-segment-AO-cl-12A1-B-Good_png.rf.6ba5de62185d0377399671c1e6d1fb0d.jpg,Spiral Fracture,treino
Spiral Fracture/Train/C0072745-Spiral_fracture_of_the_hand_X-ray_jpg.rf.bd5a1827f4191761176db8c6d5e85707.jpg,Spiral Fracture,treino
Spiral Fracture/Train/Howtodescribefractureonx-ray_jpg.rf.04d93dce43e69178faab20529886ef2c.jpg,Spiral Fracture,treino
Spiral Fracture/Train/Humerus_spiral_fracture_png.rf.40fb75aad8a2275b9d51a6d9b1041bbc.jpg,Spiral Fracture,treino
Spiral Fracture/Train/JOrthopDisTraumatol_2020_3_3_116_305736_f2_jpg.rf.ac4dd6737bdd1de1e02fb014c52e79e1.jpg,Spiral Fracture,treino
Spiral Fracture/Train/PruchaFig1e0f228cf67f39df1de4eb173c2cfd9.jpg,Spiral Fracture,treino
Spiral Fracture/Train/Radiograph-of-the-left-upper-arm-spiral-fracture-of-the-humeral-shaft-in-an-infant_png.rf.41f29ff54dec1241869c8c2b0691c903.jpg,Spiral Fracture,treino
Spiral Fracture/Train/Radiographic-image-of-a-spiral-fracture-in-humerus-shaft_png.rf.3853760b930569c51970d37fd01e6e31.jpg,Spiral Fracture,treino
Spiral Fracture/Train/Spiral-fracture-on-X-ray_jpg.rf.ae64d9cfbfdadfef110ed8ce5e2f53d8.jpg,Spiral Fracture,treino
Spiral Fracture/Train/TibiaFractureOblique2Calmostspiralfractureline_jpg.rf.492e3ef1ab98004b415dc959540a353f.jpg,Spiral Fracture,treino
Spiral Fracture/Train/Toddlers-Fracturs_png.rf.d675d9c6d26079d3de9cd1c8595.jpg,Spiral Fracture,treino
Spiral Fracture/Train/Toddlers-Fracturs_png.rf.d675d9c6d26079e2d3de9cd1c8595.jpg,Spiral Fracture,treino
Spiral Fracture/Train/a-AP-X-ray-of-shaft-of-humerus-spiral-fracture-b-lateral-X-ray-of-humerus-shaft_Q640_jpg.rf.95098e2ff06610ceeb70463198071ea0.jpg,Spiral Fracture,treino
Spiral Fracture/Train/arm-spiral-fracture_jpg.rf.367297f42899fada579c5152f51c9ec2.jpg,Spiral Fracture,treino
Spiral Fracture/Train/broken-humerus-xray-showing-compound-260nw-666295192_jpg.rf.f0dc1d9f84267947607311ec7d87f449.jpg,Spiral Fracture,treino
Spiral Fracture/Train/c0394402-800px-wm_jpg.rf.30b465723aff3c6062a04f64870b75e1.jpg,Spiral Fracture,treino
Spiral Fracture/Train/c0394403-800px-wm_jpg.rf.026fcf93f01750f862365f35fcdc9be2.jpg,Spiral Fracture,treino
Spiral Fracture/Train/e5025a324f95b26770f89f95a065a6_jpg.rf.ece1ba8959ced95f8df2698ef6c5555a.jpg,Spiral Fracture,treino
Spiral Fracture/Train/edc79979e6badfe13921370f0ff0dc71_jpg.rf.0a0c6141ede74c387dc15eed56480bc4.jpg,Spiral Fracture,treino
Spiral Fracture/Train/fcb602796fda1d39daf55e1015e56e7d_jpg.rf.8ee708b1a09f173078a05138c996aa51.jpg,Spiral Fracture,treino
Spiral Fracture/Train/fig23-1_jpg.rf.179a6bb1d8bb14bd49b6f9247ecfe1d3.jpg,Spiral Fracture,treino
Spiral Fracture/Train/fig25-6_jpg.rf.39ed02f12ae0907297b50bdbed2c8937.jpg,Spiral Fracture,treino
Spiral Fracture/Train/fracture-tibia-242x300_jpg.rf.bd80b6904d8ea8638a621e5012dcf525.jpg,Spiral Fracture,treino
Spiral Fracture/Train/fracture1-PNG_jpg.rf.c356c4e1235524997476787e549cb42a.jpg,Spiral Fracture,treino
Spiral Fracture/Train/image12_jpeg.rf.82b0cf0313c9a15432fa0f3ad9b8fad8.jpg,Spiral Fracture,treino
Spiral Fracture/Train/image17_jpeg.rf.d68b6dfb38a6cbfeec4ad3e484722720.jpg,Spiral Fracture,treino
Spiral Fracture/Train/image26_jpeg.rf.b136aa1eeb4b2089daa60e63367966b4.jpg,Spiral Fracture,treino
Spiral Fracture/Train/image5_jpeg.rf.78a8f2b6c4fa9b8839c8cedbb576ed42.jpg,Spiral Fracture,treino
Spiral Fracture/Train/image9_jpeg.rf.30511dab046d686afe8c696f90c1e03e.jpg,Spiral Fracture,treino
Spiral Fracture/Train/images10_jpg.rf.c48b6a0c61c1f87f5691154c9dccac47.jpg,Spiral Fracture,treino
Spiral Fracture/Train/images12_jpg.rf.9d37cb8278ca2a9f4463de9c34102594.jpg,Spiral Fracture,treino
Spiral Fracture/Train/images13_jpg.rf.709d5617b0546656756edc6b59708a66.jpg,Spiral Fracture,treino
Spiral Fracture/Train/images15_jpg.rf.4f6b99cf5645f272a800451339b9e950.jpg,Spiral Fracture,treino
Spiral Fracture/Train/images19_jpg.rf.49c36e344509365001d327223516f05b.jpg,Spiral Fracture,treino
Spiral Fracture/Train/images21_jpg.rf.c217a6c4eedb570177ac5f6343d3ae0e.jpg,Spiral Fracture,treino
Spiral Fracture/Train/images2_jpg.rf.a21a6639bab18fd8b92901866f24e8c3.jpg,Spiral Fracture,treino
Spiral Fracture/Train/leg-xray_jpg.rf.09eadc62dfc64b071a132a80fa574213.jpg,Spiral Fracture,treino
Spiral Fracture/Train/shoulder-x-ray-spiral-fracture-of-humerus-AMM26C_jpg.rf.f819cf67ba0946419d66c26e1ef0a615.jpg,Spiral Fracture,treino
Spiral Fracture/Train/t49hyd_jpg.rf.fd654ab696959793d435bb34748ff481.jpg,Spiral Fracture,treino
Spiral Fracture/Train/type20420femur20fracture20radiograph_jpg.rf.05e1141e0b65048b9e2d15727f159889.jpg,Spiral Fracture,treino
Spiral Fracture/Train/x-ray-side-of-skull-and-spine_jpg.rf.42c81b4c58a8971f8bb052bff41189ad.jpg,Spiral Fracture,treino
Spiral Fracture/Train/x-ray-spiral-shaped-fracture-shoulder-dislocation-head-humerus-elderly-lady-88926542_jpg.rf.e36508bf771826f2536e9bec58c2eb79.jpg,Spiral Fracture,treino
Avulsion fracture/Test/05cc2e0302957e0ad27edb6b9ffbc2_jumbo_jpg.rf.c15eb3758845b639f3aaba73c373501d.jpg,Avulsion fracture,validacao
Avulsion fracture/Train/12891_2019_2585_Fig5_HTML_png.rf.e7f1f0cb0b6723cde402057336779890.jpg,Avulsion fracture,validacao
Avulsion fracture/Train/9781604064797_ch092_f001_jpg.rf.89e30c33eebe51177be42787ddaa7745.jpg,Avulsion fracture,validacao
Avulsion fracture/Train/Pre-operative-X-ray-shows-avulsion-fracture-of-the-fibular-head-without-dcation-of_png.rf.e7b4718d35f57eb561940fa4509d1cf2.jpg,Avulsion fracture,validacao
Avulsion fracture/Train/cow539-4_jpg.rf.e48668495cb14d0493e092b1ff23c4fe.jpg,Avulsion fracture,validacao
Avulsion fracture/Train/image10_jpeg.rf.b566b1f5626a3292fe805699e784a175.jpg,Avulsion fracture,validacao
Avulsion fracture/Train/image11_jpeg.rf.4da4acf6d2c1d061687b597494c6ee8c.jpg,Avulsion fracture,validacao
Avulsion fracture/Train/image12_jpeg.rf.6e3f63e525a932c38c3bed3c97a48f5e.jpg,Avulsion fracture,validacao
Avulsion fracture/Train/image24_jpeg.rf.c27397dcbd767c2e575db5eaf2e4b20d.jpg,Avulsion fracture,validacao
Avulsion fracture/Train/image27_jpeg.rf.04e6a6566836e916582714dfb62d7c13.jpg,Avulsion fracture,validacao
Avulsion fracture/Train/image28_jpeg.rf.99fe6c384f84967b5c5ef00bb70d6741.jpg,Avulsion fracture,validacao
Avulsion fracture/Train/image5_jpeg.rf.f61b5e479448497066f77237b9d084f9.jpg,Avulsion fracture,validacao
Avulsion fracture/Train/images13_jpg.rf.1cda91b014c68ffe86a6fa06ac89eb9a.jpg,Avulsion fracture,validacao
Avulsion fracture/Train/images6_jpg.rf.f29e7c4f796ef2a38a055ec325194fab.jpg,Avulsion fracture,validacao
Avulsion fracture/Train/jcs372-g001_jpg.rf.c7a28478b9626ae41e243f25c2618e95.jpg,Avulsion fracture,validacao
Avulsion fracture/Train/jum14189-fig-0003-m_jpg.rf.8c08987a911f109ccc695659c4071.jpg,Avulsion fracture,validacao
Avulsion fracture/Train/lightbox_1822d4007d9b11eab7338708af0fabaf-IMG_20191029_122622-2-_png.rf.90495f17b148a38bbd74de2818c6b36b.jpg,Avulsion fracture,validacao
Avulsion fracture/Train/peroneal-avulsion_png.rf.f99934ab4ea691283e934c3eec1a542d.jpg,Avulsion fracture,validacao
Comminuted fracture/Test/IMG-0001-00001_jumbo_jpeg.rf.4af5e7c047bac2007869a5e19663eb77.jpg,Comminuted fracture,validacao
Comminuted fracture/Test/Radiograph-showing-a-comminuted-fracture-of-the-middle-third-of-the-right-femur-in-a_png.rf.ade9ed22124189b5d0f8cd51b03033e2.jpg,Comminuted fracture,validacao
Comminuted fracture/Test/images94_jpg.rf.1be75680f0289a4d2bcc8d0c112a3453.jpg,Comminuted fracture,validacao
Comminuted fracture/Test/images96_jpg.rf.1d432bc0a70d58cc78b19f48746b3f02.jpg,Comminuted fracture,validacao
Comminuted fracture/Test/leg-displacement-two-projections-white-background-vertical-image-x-248620996_jpg.rf.15fe0e9e9b93d8870cbc808e994bf03e.jpg,Comminuted fracture,validacao
Comminuted fracture/Train/0-_jumbo_jpeg.rf.7925062f37e327162df7d528ab8d245f.jpg,Comminuted fracture,validacao
Comminuted fracture/Train/13018_2019_1385_Fig3_HTML_png.rf.7dd507a30814c5c85f2013bda753d622.jpg,Comminuted fracture,validacao
Comminuted fracture/Train/2_jpg.rf.d9b17b4172ebe50ee602011b8ee7b272.jpg,Comminuted fracture,validacao
Comminuted fracture/Train/2_jpg.rf.d9b17b4172ebe50ee602011be7b272.jpg,Comminuted fracture,validacao
Comminuted fracture/Train/A-Preoperative-X-ray-showed-ulnar-shaft-comminuted-fracture-B-Immediate_png.rf.4bf6cc3b49ab1abe7c261360a3178af3.jpg,Comminuted fracture,validacao
Comminuted fracture/Train/C7-FF5-1_jpg.rf.ad91314ccfea0ca61bb133d6439.jpg,Comminuted fracture,validacao
Comminuted fracture/Train/dae9b4f076f2a47f0f2900a4654683_gallery_jpeg.rf.daa3181a13a6f98e3ac5f722dfccb044.jpg,Comminuted fracture,validacao
Comminuted fracture/Train/gr_1ab_jpg.rf.66be6e034d772e0434bc8695a9c87f35.jpg,Comminuted fracture,validacao
Comminuted fracture/Train/image14_jpeg.rf.25e75522b4a8c5d99690d62402ef16f9.jpg,Comminuted fracture,validacao
Comminuted fracture/Train/image3_jpeg.rf.35fc26e1b6e5edafacfbba26da7149ea.jpg,Comminuted fracture,validacao
Comminuted fracture/Train/image9_jpeg.rf.aa088ed29a8b615d0be3bb2b31dd8ccc.jpg,Comminuted fracture,validacao
Comminuted fracture/Train/images34_jpg.rf.0864412e27ed15629648a38065439be8.jpg,Comminuted fracture,validacao
Comminuted fracture/Train/images39_jpg.rf.caa1abbf971d2b8161b36d93a9f056fc.jpg,Comminuted fracture,validacao
Comminuted fracture/Train/images74_jpg.rf.3876f98221d8bafad5a93bc4111a0415.jpg,Comminuted fracture,validacao
Fracture Dislocation/Test/0b0927c9e289f1b59085553d3ad46cf08b9566b76aa840d0a17d33c6e626825d_gallery_jpeg.rf.59cd1582385c6b6fbe54afaa63d5099e.jpg,Fracture Dislocation,validacao
Fracture Dislocation/Test/10-1055-b-004-129594_c035_f022_jpg.rf.79ff9d90432220e3d36eee868f6467f9.jpg,Fracture Dislocation,validacao
Fracture Dislocation/Test/1A_jpg.rf.0677856a44a86c9ddcbda2.jpg,Fracture Dislocation,validacao
Fracture Dislocation/Test/9c1cbdeaa3a92cda049b03cfc58323_jumbo_jpeg.rf.96d8da3e8e693938cf66f704952d954b.jpg,Fracture Dislocation,validacao
Fracture Dislocation/Train/41394_2021_399_Fig1_HTML_png.rf.b71005e1c457206f34a4507475d3ce0.jpg,Fracture Dislocation,validacao
Fracture Dislocation/Train/802280d22b265cf0668a0883436b7e_big_gallery_jpeg.rf.abcc24826037cfc864fb06dc9ea8ef.jpg,Fracture Dislocation,validacao
Fracture Dislocation/Train/Conventional-X-rays-on-adpreoperative_jpg.rf.507c79939d6efec41b27686e4321badd.jpg,Fracture Dislocation,validacao
Fracture Dislocation/Train/F2-large_jpg.rf.56ccdce6ec8104b68f5e01cc5e2ce4ba.jpg,Fracture Dislocation,validacao
Fracture Dislocation/Train/Lisfranc-Fracture-Dislocation-Photo-1_jpg.rf.4367952f5ac51d749890acc288b90193.jpg,Fracture Dislocation,validacao
Fracture Dislocation/Train/Pre-operative-X-ray-of-the-pelvis-AP-showing-fracture-dislocation-of-the-left-hip_png.rf.63ff11a7138f77964a0e450f7a1c28b8.jpg,Fracture Dislocation,validacao
Fracture Dislocation/Train/gr1_jpg.rf.23581f947c5ded563f968b3866c1.jpg,Fracture Dislocation,validacao
Fracture Dislocation/Train/image10_jpeg.rf.ebf1ad00a8e950d1367b8d4b357d979b.jpg,Fracture Dislocation,validacao
Fracture Dislocation/Train/image19_jpeg.rf.972ed3d90c53af861cfdb076f5d34454.jpg,Fracture Dislocation,validacao
Fracture Dislocation/Train/image24_jpeg.rf.a60562fafe260267b1adb1f49d77d026.jpg,Fracture Dislocation,validacao
Fracture Dislocation/Train/image2figure2edit11_1102614_jpg.rf.95eca696ce12509c1b6f9cfbe733d03d.jpg,Fracture Dislocation,validacao
Fracture Dislocation/Train/image6_jpeg.rf.5248ed1b2addcab9b948778b838a44d0.jpg,Fracture Dislocation,validacao
Fracture Dislocation/Train/images14_jpg.rf.a3b3bad28529a35b7b531d32c7ed730e.jpg,Fracture Dislocation,validacao
Fracture Dislocation/Train/images19_jpg.rf.b3a1fe6ed706798a6d940ca596de86aa.jpg,Fracture Dislocation,validacao
Fracture Dislocation/Train/images4_jpg.rf.6d2b1cd6818640163743b94ac51b45ba.jpg,Fracture Dislocation,validacao
Fracture Dislocation/Train/images5_jpg.rf.67b9c46ceaab61c680749fbe69d3e4b1.jpg,Fracture Dislocation,validacao
Fracture Dislocation/Train/images7_jpg.rf.c69e1cec236154efded4ecab281653b5.jpg,Fracture Dislocation,validacao
Fracture Dislocation/Train/lightbox_9390c340ee7e11eb9b803ffcee4a7d01-Screen-Shot-2021-07-26-at-7-00-45-PM_png.rf.beb92e6aa74679dc6d3f7660e01a1239.jpg,Fracture Dislocation,validacao
Greenstick fracture/Test/7410b6b41bc4e99e1f93bab41283b1_jumbo_jpg.rf.72d8073f7a1382ca542077a8487a5a37.jpg,Greenstick fracture,validacao
Greenstick fracture/Test/_Fracture_general_principles_fig04_Torus_Greenstick_fracture_BLANCO-1024x957_jpg.rf.d0a0708a95fcb18cbbdf0af9de020488.jpg,Greenstick fracture,validacao
Greenstick fracture/Train/4dHvDSffNcoRQjfTHEVE9XHP_jpeg.rf.e785d05a33bbcb0561995f084c0f6545.jpg,Greenstick fracture,validacao
Greenstick fracture/Train/A-Initial-fracture-radiograph-a-B-Follow-up-radiograph_png.a7b09117eb778be10771416.jpg,Greenstick fracture,validacao
Greenstick fracture/Train/A-Initial-fracture-radiograph-showing-a-greenstick-fracture-B-Follow-up-radiograph_png.rf.395a32493a7b09117eb778be10771416.jpg,Greenstick fracture,validacao
Greenstick fracture/Train/Comparison-imaginactug8d0f5e1ae7b77ee6efceaf5a1386.jpg,Greenstick fracture,validacao
Greenstick fracture/Train/Comparison-imaging-of-peric-fractures_jpg.339d8d0f5e1ae7b77ee6efceaf5a1386.jpg,Greenstick fracture,validacao
Greenstick fracture/Train/Greenstick-300x265_jpg.rf86c08d814d3a4fb36e5.jpg,Greenstick fracture,validacao
Greenstick fracture/Train/Greenstickfractures1-JPEG_jpg.rf.fc9f1d42d185c97c33988bac3b3ce63b.jpg,Greenstick fracture,validacao
Greenstick fracture/Train/Radiographs-of-the-right-wrist-at-the-time-of-injury-show-a-greenstick-cture-of-the_png.rf.11a54146d63994ac580026512fac7e8b.jpg,Greenstick fracture,validacao
Greenstick fracture/Train/distal-radius-torus-fracture_jpg.rf.29556a0fbc1d3e67425b32766973.jpg,Greenstick fracture,validacao
Greenstick fracture/Train/image21_jpeg.rf.48dbace8757ed1656b50a4eceff4729e.jpg,Greenstick fracture,validacao
Greenstick fracture/Train/image28_jpeg.rf.59694ce77f752eac764a75e4265c4.jpg,Greenstick fracture,validacao
Greenstick fracture/Train/image31_jpeg.rf.5a587b83d066fdc862e9456fb334f1.jpg,Greenstick fracture,validacao
Greenstick fracture/Train/image4_jpeg.rf.57c321cb137c23b0b3f2ac946a92b069.jpg,Greenstick fracture,validacao
Greenstick fracture/Train/image8_jpeg.rf.ba227665494acd70f6a1dc9d024e5049.jpg,Greenstick fracture,validacao
Greenstick fracture/Train/image_jpeg.rf.5754f88259e519fe1828acb69660a738.jpg,Greenstick fracture,validacao
Greenstick fracture/Train/jpg.rf.5577e35c5e3bce4414cae6437ac94a56.jpg,Greenstick fracture,validacao
Hairline Fracture/Test/402_2018_3035_Fig3_HTML_jpg.rf.c9959ea361358cf5ac4cf68c9096236f.jpg,Hairline Fracture,validacao
Hairline Fracture/Test/640px-Cropped_version_of_Jonesfracture_jpg.r40958b7c85972169a63197313018.jpg,Hairline Fracture,validacao
Hairline Fracture/Train/1583770_jpg.rf.1c05699722629513ab254bef51e111e3.jpg,Hairline Fracture,validacao
Hairline Fracture/Train/1583770_jpg.rf.1c056997226295b254bef51e111e3.jpg,Hairline Fracture,validacao
Hairline Fracture/Train/Elbow-X-ray-of-a-40-year-old-female-who-developed-chronic-atraumatic-pain-of-the-proximal_png.rf.3ab88000b0079946b28c9d280cfe8f15.jpg,Hairline Fracture,validacao
Hairline Fracture/Train/a5097977a186b7_grade-3_jpg.rf.75157b32db076a8276aaad1021a6dee9.jpg,Hairline Fracture,validacao
Hairline Fracture/Train/a5097977a1e676_femur-1-3-13mog.rf.0c110c5805c5236273fac80d2c1ff16b.jpg,Hairline Fracture,validacao
Hairline Fracture/Train/a5097977a231ef_metatarsal2_jpg.rf.d5163e7f32a121fc62d7720e7f2096a7.jpg,Hairline Fracture,validacao
Hairline Fracture/Train/bones_what_to_k_7329_thu732x54g.rf.85dff51f0a0deb0093f75b56d7f16.jpg,Hairline Fracture,validacao
Hairline Fracture/Train/gr1_jpg.rf.cd3a0991347db44b0a90c049452c6f1e.jpg,Hairline Fracture,validacao
Hairline Fracture/Train/image15_jpeg.rf.516950f427839d3dffbe7014f988932c.jpg,Hairline Fracture,validacao
Hairline Fracture/Train/image18_jpeg.rf.1fe77cd3c996ff9d387b8c0d215142.jpg,Hairline Fracture,validacao
Hairline Fracture/Train/image5_jpeg.rf.e9249b59ef0303f87061e7bca3421a0d.jpg,Hairline Fracture,validacao
Hairline Fracture/Train/image8_jpeg.rf.e0967eb2a73c43fdc51de2c8b949ad6a.jpg,Hairline Fracture,validacao
Hairline Fracture/Train/images7_jpg.rf.a8a3b21208167bfe7c463eb3d565ba03.jpg,Hairline Fracture,validacao
Hairline Fracture/Train/pt08sports4_png.rf.34ab59806e34c0f3d4154350893c9780.jpg,Hairline Fracture,validacao
Impacted fracture/Test/3-s2-0-B9781782424499000042-f04-05-9781782424499_jpg.rf.697fc1f3f837a4facd89b17281dc3843.jpg,Impacted fracture,validacao
Impacted fracture/Test/321642_2200-732x549_jpg.rf.4980857c522d36a62f9829fe86058076.jpg,Impacted fracture,validacao
Impacted fracture/Train/41598_2020_64471_HTMLg.rf.56031035bb06aff4ac684238f3d05539.jpg,Impacted fracture,validacao
Impacted fracture/Train/EMR021516fig12_jpg.rf.e10f7dc88fcee257263c38dcc37d2605.jpg,Impacted fracture,validacao
Impacted fracture/Train/a6980144fa36a4b20737df405b98b51a-spine-x-rays_jpg.rf.2ac35ac320c5913ee1a83b9fdbc0d2fa.jpg,Impacted fracture,validacao
Impacted fracture/Train/fracturetoddler01mdfallfromsliderefusaltobearweightpln2yo_jpg.rf.f1fe08cd7e925de77de3c40b825b42e4.jpg,Impacted fracture,validacao
Impacted fracture/Train/gr1_lrg2_jpg.rf.3d752c7e3b776af4e55a5b656eb15545.jpg,Impacted fracture,validacao
Impacted fracture/Train/image13_jpeg.rf.0d6bfa1bc6d01ffec93b1e39d9cc2ac9.jpg,Impacted fracture,validacao
Impacted fracture/Train/image29_jpeg.rf.3b42f3d87e467376578079f84d5f68bd.jpg,Impacted fracture,validacao
Impacted fracture/Train/image30_jpeg.rf.fb619a8f42e0f25fffcea70b3d8b4912.jpg,Impacted fracture,validacao
Impacted fracture/Train/images4_jpg.rf.5d68f04f9e4cca5655bc87c752a44b8b.jpg,Impacted fracture,validacao
Longitudinal fracture/Test/1-s2-0-S235204771630003X-gr2_jpg.rf.23497906a4b6a3106d193648e244cc6e.jpg,Longitudinal fracture,validacao
Longitudinal fracture/Test/7d6985744a7187e8af927146b0c2425e_f12207_jpg.rf.2fc543dad580f8ea8d7d4105ca8e4300.jpg,Longitudinal fracture,validacao
Longitudinal fracture/Train/11999_2009_970_Fig1_HTML_jpg.rf.2d98bfd849e883e2a3683f487495cd49.jpg,Longitudinal fracture,validacao
Longitudinal fracture/Train/1449603_jpg.rf.83990eb29b2e86ed96e9a453ed374f88.jpg,Longitudinal fracture,validacao
Longitudinal fracture/Train/Axial-and-longitudinal-view-of-a-fracture-of-radius-compared-to-the-anterosterior-and_png.rf.e77312c9f14b136659070b02b564077.jpg,Longitudinal fracture,validacao
Longitudinal fracture/Train/Inked963d3e34300fec03489c189168d87_gallery_jpeg.rf.998328b3a1c3868cf474ef084ddcc2c9_LI.jpg,Longitudinal fracture,validacao
Longitudinal fracture/Train/Peterson-Type-I-distal-radius-fracture-in-an-8-year-old-girl-a-b-Posteroanterior_jpg.rf.f81479f5e4e5ea6656189ade503eccd0.jpg,Longitudinal fracture,validacao
Longitudinal fracture/Train/image25_jpeg.rf.ae28ceca6ded2ccf2b9c510843b94.jpg,Longitudinal fracture,validacao
Longitudinal fracture/Train/image28_jpeg.rf.29e91e4205b95131ef277cfb61f886da.jpg,Longitudinal fracture,validacao
Longitudinal fracture/Train/image4_jpeg.rf.24e44093519b0976d4b1317bd20f941.jpg,Longitudinal fracture,validacao
Longitudinal fracture/Train/image6_jpeg.rf.68de0c5d0538641e05016de280c1e7ae.jpg,Longitudinal fracture,validacao
Oblique fracture/Test/1000_F_264769365_u927dRxrrx1fi4rlR1VWif9LcGeJwv4h_jpg.rf.b2d149cb90da63cbc49ec73e82bf0935.jpg,Oblique fracture,validacao
Oblique fracture/Test/119913828-radiography-with-oblique-fibula-fracture_jpg.rf.8f0f4e48c3c959ca7b930e3cba8fafd0.jpg,Oblique fracture,validacao
Oblique fracture/Test/43390tn_jpg.rf.e82c12a328a56cc66d5d828e638324be.jpg,Oblique fracture,validacao
Oblique fracture/Train/-view-with-finger-splint-for-diagnostic-fracture-and-g-arthritis-2C3N97K_jpg.rf.ac8fcc36dc30905cfbc2030283d.jpg,Oblique fracture,validacao
Oblique fracture/Train/Fig-A6-Fracture-X-ray-image-of-an-oblique-fracture-of-the-left-humerus_png.rf.f967c4e5fabfed20ba318f7ed12a46b8.jpg,Oblique fracture,validacao
Oblique fracture/Train/Initial-imaging-a-X-ray-of-the-left-lower-extremity-shows-a-fracture_png.rf.8b6c429de17d94b09ce484bedf753804.jpg,Oblique fracture,validacao
Oblique fracture/Train/Inkedx-ray-image-foot-oblique-view-show-toe-hell-fracture-53837746_jpg.rf.da042ab745aec3b96d2f0b10e7ab3faa_LI.jpg,Oblique fracture,validacao
Oblique fracture/Train/T1511F02_Fig01_j922f4a590bcbc55.jpg,Oblique fracture,validacao
Oblique fracture/Train/fracture-interpretation-for-medical-students-40-320_jpg.rf.b4d5e7fefb7fbf3ad5f077af3d2d6582.jpg,Oblique fracture,validacao
Oblique fracture/Train/image19_jpeg.rf.e33a1ad0ffe9228f2a5f8073e127bd6b.jpg,Oblique fracture,validacao
Oblique fracture/Train/image29_jpeg.rf.6d4d72f1e48676ac51a5fec6b1557.jpg,Oblique fracture,validacao
Oblique fracture/Train/x-ray-hand-ap-oblique-fracture-mid-shaft-rt-2nd-metacapal-bone-soft-tissue-swelling_34251-59_jpg.rf.54202a7e1dd6d9c7e9b9f0810e0975f9.jpg,Oblique fracture,validacao
Pathological fracture/Test/0c70d9cb6ae7fcf9faae2dc812af08_gallery_jpg.rf.77bf31aa996b57613189b8de7e1d29fd.jpg,Pathological fracture,validacao
Pathological fracture/Test/1-s2-0-S1877056815003461-gr3_jpg.rf.d559b8f4656b96c7d8c9f5a0b4904eb5.jpg,Pathological fracture,validacao
Pathological fracture/Train/12891_2014_Article_2109L_jpg.rf.8fe35b40f9c82a149e3813b.jpg,Pathological fracture,validacao
Pathological fracture/Train/12891_2014_Article_210f9c82a149e3813b.jpg,Pathological fracture,validacao
Pathological fracture/Train/256_2020_3651_Fig7_HTML_jpg.rf.6daf61af8c1903410d387a076992ddc2.jpg,Pathological fracture,validacao
Pathological fracture/Train/6519436f-b33d-4739-95a8-4d44e670cca1-1592427540482_png.rf.16819d473a61de9327e73778edab5e25.jpg,Pathological fracture,validacao
Pathological fracture/Train/F1-large_jpg.rf897d2eb76d363a0f13b869ab4.jpg,Pathological fracture,validacao
Pathological fracture/Train/Pre-operative-radiograph-of-a-pathological-fracture-involving-the-proximal-humerus-The_png.rf.24189ae4f86da074da53a09fda6a1e2a.jpg,Pathological fracture,validacao
Pathological fracture/Train/Pre-operativeX-ray-showing-pathological-fracture-of-distal-humerus-anteroposterior-and_png.rf.10fbf82c72dadc5232c2077b446fb59e.jpg,Pathological fracture,validacao
Pathological fracture/Train/a-X-ray-of-case-15-presenting-with-pathological-fracture-b-MRI-of-case-15-presenting_png.rf.9a90e2d2276e9bab0f456400b3e54ee3.jpg,Pathological fracture,validacao
Pathological fracture/Train/a278b017-807e-4a0e-9273-908eafeb7715-1649987901703_png.rf.ed529348ee11cddec4cc9a7d606742c9.jpg,Pathological fracture,validacao
Pathological fracture/Train/gallery_jpeg.rf.fd5ecb478396b3e1a1ee2fba4730b8ed.jpg,Pathological fracture,validacao
Pathological fracture/Train/gr1_lrg33fcde551f0e35ae94945f4680c7af8.jpg,Pathological fracture,validacao
Pathological fracture/Train/gr1ac_lrg_jpg.rf.c14155caad0f0ce0abf2ff6b98cf5a54.jpg,Pathological fracture,validacao
Pathological fracture/Train/image28_jpeg.rf.71e72a01d77f6c033551d55fcb6605c8.jpg,Pathological fracture,validacao
Pathological fracture/Train/image30_jpeg.rf.05fd807d901fef1842f521ac03f5d465.jpg,Pathological fracture,validacao
Pathological fracture/Train/lightbox_935b11505b6b11ecb6789e-1_png.rf.6ea100d5dab399b31e9c04d162be10b3.jpg,Pathological fracture,validacao
Pathological fracture/Train/lightbox_9b683fc062a111eca7391d59807707d7-Pelvis_auto_x2-arrows-_png.rf.14373c6dd517e5f7c6f63e3237ab9a75.jpg,Pathological fracture,validacao
Pathological fracture/Train/mqdefault_jpg.rf.21671052d62baf6ee7b926c5a4832d8a.jpg,Pathological fracture,validacao
Spiral Fracture/Test/192811243_jpg.rf.93989b0917199eb629709b79bf516da9.jpg,Spiral Fracture,validacao
Spiral Fracture/Test/247_2019_4591_FL_jpg.rf.1035e160a9c7d7071e08.jpg,Spiral Fracture,validacao
Spiral Fracture/Test/247_2019_4591_Fig6_HTML_jpg.rf.1dc947109f035e160a9c7d7071e08.jpg,Spiral Fracture,validacao
Spiral Fracture/Test/421220_jpg.rf.1231cb18431107345b2398be88e0e946.jpg,Spiral Fracture,validacao
Spiral Fracture/Train/Maisonneuve_fracture_Fibula-JPG_jpg.rf.56c8fcbb6a05401e12c747f35dfafc5a.jpg,Spiral Fracture,validacao
Spiral Fracture/Train/PruchaFig1e0f228cf67f39df1de4eb173c2acfd9.jpg,Spiral Fracture,validacao
Spiral Fracture/Train/RIGHT_leg_jumbo_jpeg.rf.5c79a192709e4e90f860d7e0a42fd25f.jpg,Spiral Fracture,validacao
Spiral Fracture/Train/X-ray_Fractured_fibula_with_permission_of_patient_MF_jpg.rf.036b1454f32f0b436a12593485d7acb2.jpg,Spiral Fracture,validacao
Spiral Fracture/Train/image_jpeg.rf.6c82fa5135c6d3eff38fe8ba1d2ff7e1.jpg,Spiral Fracture,validacao
Spiral Fracture/Train/images3_jpg.rf.867087966ee2106c7462017bad4e22c6.jpg,Spiral Fracture,validacao
Spiral Fracture/Train/spiral-fracture-lower-tibia_jpg.rf.b0dee5f894823b9d1511a648f61c8b53.jpg,Spiral Fracture,validacao
Avulsion fracture/Test/1-s2-0-S0899707114002836-gr2_jpg.rf.bb8ed4dee892edbb760f6ce687d74ba5.jpg,Avulsion fracture,teste
Avulsion fracture/Train/697306b5c3755dd70645acfce3b_jpg.rf.21b53660b2fd76db08a98e9dad5d8d4f.jpg,Avulsion fracture,teste
Avulsion fracture/Train/800px-Left_lateral_malleolus_avulsion_fracture_detail_jpg.rf.9465bfeae560e0d37a57e6096249c030.jpg,Avulsion fracture,teste
Avulsion fracture/Train/Inked2d59fd50936098df8ddf49c912e70b_gallery_jpg.rf.0a4f68fb0c9b522ce75a26df6061f_LI.jpg,Avulsion fracture,teste
Avulsion fracture/Train/Left-knee-AP-and-lateral-radiographs-showing-avulsion-fracture-of-the-tibial-tuberosity_jpg.rf.b13178133904e8c6fe26875bcef812a2.jpg,Avulsion fracture,teste
Avulsion fracture/Train/SaudiJSportsMed_2021_21_2_69_327488_f1_jpg.rf.7accebb5e1c23e10ac231fa340b32dc2.jpg,Avulsion fracture,teste
Avulsion fracture/Train/cow205lg_jpg.rf.80b53235cf34318f1b3973ef5eb9627a.jpg,Avulsion fracture,teste
Avulsion fracture/Train/e35976_4fe265db4c064d53bc55e857fbecc28dmv2_png.rf.48ff6ace881ba10b5937fd34990c4f6.jpg,Avulsion fracture,teste
Avulsion fracture/Train/gr1_lrg_jpg.rf.bf893d54341142976a0672dd088ded3d.jpg,Avulsion fracture,teste
Avulsion fracture/Train/image18_jpeg.rf.9d59531f4a8ac9f6a04b858e56cea.jpg,Avulsion fracture,teste
Avulsion fracture/Train/image9_jpeg.rf.4f7d7cb5a7a3ff33253bb4769fdaf32c.jpg,Avulsion fracture,teste
Avulsion fracture/Train/images10_jpg.rf.e1ad8c3effdf417ef7e6ec06dfeebc15.jpg,Avulsion fracture,teste
Avulsion fracture/Train/images21_jpg.rf.0ef452a83232fc2e6705bd968fa29737.jpg,Avulsion fracture,teste
Avulsion fracture/Train/images24_jpg.rf.09d198828844a4334157a33d88625c3b.jpg,Avulsion fracture,teste
Avulsion fracture/Train/images7_jpg.rf.c4419176d2a7d3f8e26f04a4e4a82cf7.jpg,Avulsion fracture,teste
Avulsion fracture/Train/images_jpg.rf.0ce1d5a7ca4c319ff39d4445df37f3f.jpg,Avulsion fracture,teste
Avulsion fracture/Train/images_jpg.rf.0ce1d5a7ca4c319ff39d444e5df37f3f.jpg,Avulsion fracture,teste
Avulsion fracture/Train/jospt-620-fig001_jpg.rf.a6c6b3ecde58b099587c889367527cac.jpg,Avulsion fracture,teste
Comminuted fracture/Test/X-ray-2-comminuted-displaced-fracture_png.rf.ace79e6f0ec1e6ec4037943cc83c14d4.jpg,Comminuted fracture,teste
Comminuted fracture/Test/preop-x-ray-showing-badly-comminuted-fracture-proximal-tibia-rama-krishna-hospital_jpg.rf.3662dfd3b1b367d8e8eb71178999dbe8.jpg,Comminuted fracture,teste
Comminuted fracture/Train/5081d925b301b_jpg.rf.e029d85e093fcadb3a8e4bbb57f0fc9a.jpg,Comminuted fracture,teste
Comminuted fracture/Train/5263f9bac94205116acd9caf6d386c_jumbo_png.rf.be2be0fa76ef6d18150765f31ec4a2f9.jpg,Comminuted fracture,teste
Comminuted fracture/Train/58d30dd538473a546723c79e347c9f1b03a3d3131f5c3a1d0466f21526008fd7_gallery_jpeg.rf.92adacfca948385a6cee89ce170f4f24.jpg,Comminuted fracture,teste
Comminuted fracture/Train/87da0f2547dc990c9ec77ad8fc5203_gallery-JPEG_jpg.rf.8c0a1c1411fb548ba1cdfc5c57cbe9f9.jpg,Comminuted fracture,teste
Comminuted fracture/Train/Anteroposterior-and-Lateral-X-ray-The-open-shaf_png.rf.9578f185be2dd89c3f6908b4d8bbc479.jpg,Comminuted fracture,teste
Comminuted fracture/Train/F1-large_jpg.rf.ace7f99f25bee85f3f5dc12e474a8a19.jpg,Comminuted fracture,teste
Comminuted fracture/Train/Fractures-Blog-Photo_jpg.rf.eef09f81f2ac973d6eda4244708ad18d.jpg,Comminuted fracture,teste
Comminuted fracture/Train/a-AP-b-lateral-Initial-X-ray-shows-severe-comminuted-fractures-in-the-tibia-plafond_png.rf.7794b64b4c8eeb8591f7c3ae77445bf6.jpg,Comminuted fracture,teste
Comminuted fracture/Train/d74becf7b697eb9a80a68504353a5211542d8aedc94c50c72a7663045e67f07e_gallery_jpeg.rf.bec9adfa07d34fd82a7d3f5fd181cd0c.jpg,Comminuted fracture,teste
Comminuted fracture/Train/f069-001d-9781455753284_jpg.rf.064578f286d21fdb1df6417101a5f554.jpg,Comminuted fracture,teste
Comminuted fracture/Train/handxray_jpg.rf.ff42adea596434a9b97ab172de8eb44c.jpg,Comminuted fracture,teste
Comminuted fracture/Train/image14_jpeg.rf.25e75522b4a8c5d99690d624016f9.jpg,Comminuted fracture,teste
Comminuted fracture/Train/image19_jpeg.rf.cbdaca15d3f36f73ec27ec0580d2970c.jpg,Comminuted fracture,teste
Comminuted fracture/Train/image5_jpeg.rf.d141cc8aa789ec496f938837002fb50f.jpg,Comminuted fracture,teste
Comminuted fracture/Train/image7_jpeg.rf.367746dfc5b45b2ebfc686048e7bbdee.jpg,Comminuted fracture,teste
Comminuted fracture/Train/images3_jpg.rf.3f34b4a2a24b7f6af75bdc118d010547.jpg,Comminuted fracture,teste
Comminuted fracture/Train/images41_jpg.rf.595431440d5bf43c207f60d10547a123.jpg,Comminuted fracture,teste
Comminuted fracture/Train/images70_jpg.rf.0eeab3df1696d8d6eb58c57982ae8914.jpg,Comminuted fracture,teste
Fracture Dislocation/Test/0f2621347d6757e99604be62938184_jumbo_jpg.rf.525e9b9d5a24047c4a22bbdd53cd1b2e.jpg,Fracture Dislocation,teste
Fracture Dislocation/Test/22097c143c33367ce6a14aab180507_jumbo_jpeg.rf.dba2616edbc6752417d3acf6acee8e6d.jpg,Fracture Dislocation,teste
Fracture Dislocation/Test/29b6a23fc1e531976fdb651cdf0670_jumbo_jpeg.rf.54234605109401278f08c8cd98edf6c6.jpg,Fracture Dislocation,teste
Fracture Dislocation/Train/Conventional-X-rays-oeoperati07c79939d6efec41b27686e4321badd.jpg,Fracture Dislocation,teste
Fracture Dislocation/Train/Conventional-X-rays-oeoperative_jpg.rf.507c79939d6efec41b27686e4321badd.jpg,Fracture Dislocation,teste
Fracture Dislocation/Train/F1-large2_jpg.rf.05a96fcbc48f87614b0f971a.jpg,Fracture Dislocation,teste
Fracture Dislocation/Train/F1-large2_jpg.rf.05a96fcbc48f8deb2e6087614b0f971a.jpg,Fracture Dislocation,teste
Fracture Dislocation/Train/F1-large_jpg.rf.f07b71940901987206be47807d2843ae.jpg,Fracture Dislocation,teste
Fracture Dislocation/Train/a-Radiograph-showing-the-sacroiliac-fracture-dislocation-with-fractures-of-bilateral_png.rf.fa0f976ece84621764dfdada5ad761da.jpg,Fracture Dislocation,teste
Fracture Dislocation/Train/cow217_jpg.rf.b4cac2d6bdf8c825f005de5a30f2a34e.jpg,Fracture Dislocation,teste
Fracture Dislocation/Train/fracturedislocationmonteggia01mdfellplain3yo_jpg.rf.76186679322532546.jpg,Fracture Dislocation,teste
Fracture Dislocation/Train/image16_jpeg.rf.26c44b5cc4cd37b01809904121.jpg,Fracture Dislocation,teste
Fracture Dislocation/Train/image17_jpeg.rf.44e3ee814b39580cc793cc484e4cb145.jpg,Fracture Dislocation,teste
Fracture Dislocation/Train/image31_jpeg.rf.9fb28a767e2a843433cc82566b2ec164.jpg,Fracture Dislocation,teste
Fracture Dislocation/Train/image5_jpeg.rf.efcd8b141e6eb17a580f11e8ac7c2b14.jpg,Fracture Dislocation,teste
Fracture Dislocation/Train/images15_jpg.rf.72231ee60b44b04a740c03c6295e3e1b.jpg,Fracture Dislocation,teste
Fracture Dislocation/Train/images3_jpg.rf.22da1bbcb8eed74399ff1aa073866d4e.jpg,Fracture Dislocation,teste
Fracture Dislocation/Train/images8_jpg.rf.1fa9d0b78f93a1f46d8e75b0f70a1f6d.jpg,Fracture Dislocation,teste
Fracture Dislocation/Train/img_1470_jpg.rf.8c304cf615a20fe1ad678a40804b29d3.jpg,Fracture Dislocation,teste
Fracture Dislocation/Train/maxresdefault_jpg.rf.99f55b046e48958d4eb40bd5682a0182.jpg,Fracture Dislocation,teste
Fracture Dislocation/Train/ot1020_otgr_f1_og_jpg.r458090596504941ee7e64eb43f41a.jpg,Fracture Dislocation,teste
Fracture Dislocation/Train/thoracolumbar_burst_jpg.rf.48781b0b27733a0e09c380d50253408f.jpg,Fracture Dislocation,teste
Greenstick fracture/Test/27947ea707d39e57b0c14db8fc93d3_jumbo_jpeg.rf.d7f9014c5a33717ff2b8f7213e38524b.jpg,Greenstick fracture,teste
Greenstick fracture/Test/_Fracture_general_principles_fig04_Torus_Greenstick_fracture_BLANCO-1024x957_jpg.d0a0708a95fcb18cbbdf0af9de020488.jpg,Greenstick fracture,teste
Greenstick fracture/Train/Greenstickfxradius_jpg.rf.65d105d969cb626cef58c46d65e1.jpg,Greenstick fracture,teste
Greenstick fracture/Train/Lateral-radiograph-shows-a-greenstick-fracture-in-a-10-year-old-boy-The-distal-radial_png.rf.dec9843a9670c467e6330220908f5e2a.jpg,Greenstick fracture,teste
Greenstick fracture/Train/Radiology_ND_0125_ABF_jpg.rf.3f59f4c042e47a87f0408487a61521f5.jpg,Greenstick fracture,teste
Greenstick fracture/Train/b19f08e41a77b94dd521617800d019_gallery-JPEG_jpg.rf.c0d3e7d7bd8bf9496215e86a1bf40a8a.jpg,Greenstick fracture,teste
Greenstick fracture/Train/c0267934-greenstick-fracture-of-distal-radius-x-ray-science-photo-library-arrow-high_jpg.rf.d77347381e74cd2c282dc8a76d04a633.jpg,Greenstick fracture,teste
Greenstick fracture/Train/d5408056a120376d84a394dae01db399_jpg.rf.674d9814cfee30fa222f3d3f07920209.jpg,Greenstick fracture,teste
Greenstick fracture/Train/etm-18-04-3009-g00_jpg.rf.350350830bd551c56ca0185c1da4862a.jpg,Greenstick fracture,teste
Greenstick fracture/Train/etm-18-04-3009-g00_jpg.rf.350350830bd551ca0185c1da4862a.jpg,Greenstick fracture,teste
Greenstick fracture/Train/green1_jumbo_jpeg.rf.26b0c35490f80d7c965bef7832aa130b.jpg,Greenstick fracture,teste
Greenstick fracture/Train/greenstick_jpg.rf.c146d133697935a23e0f1a9160b744f0.jpg,Greenstick fracture,teste
Greenstick fracture/Train/image22_jpeg.rf.4f1f1a09515780554fb28e0247dde964.jpg,Greenstick fracture,teste
Greenstick fracture/Train/image28_jpeg.rf.59694ce77f752eac7645e4265c4.jpg,Greenstick fracture,teste
Greenstick fracture/Train/images5_jpg.rf.b8f4d8f80677cf88f53b3a98c2bcc677.jpg,Greenstick fracture,teste
Greenstick fracture/Train/images6_jpg.rf.58393474fe1a8e5eac5d8d0712087119.jpg,Greenstick fracture,teste
Greenstick fracture/Train/torus20fx_jpg.rf.4daefa26c48b31d1699339cba5ddd362.jpg,Greenstick fracture,teste
Hairline Fracture/Test/10195_2010_96_Fig2_HTML_jpg.rf.c12df3901db2a4b4e0952d10f5660ae0.jpg,Hairline Fracture,teste
Hairline Fracture/Train/Radiograph-of-the-left-wrist-shows-stress-fracture-of-the-left-scaphoid_png.rf.679bc50a0d676af2839c3c4168cdf4bc.jpg,Hairline Fracture,teste
Hairline Fracture/Train/TibStressFrac-895x1024_jpg.rf.38a4f1fc510a7a34cd69130bd57f414f.jpg,Hairline Fracture,teste
Hairline Fracture/Train/a5097977a1e676_femur-1-3-1g.rf.0c110c5805c5236273fac80d2c1ff16b.jpg,Hairline Fracture,teste
Hairline Fracture/Train/a5097977a1e676_femur-1-3-1g.rf.0c110c58c5236273fac80d2c1ff16b.jpg,Hairline Fracture,teste
Hairline Fracture/Train/a5097977a22443_fibula_jpgf.ad88b884d995f003ec87d2971f5ca697.jpg,Hairline Fracture,teste
Hairline Fracture/Train/a5097977a231ef_metatal2_jpg.rf.d5163e7f32a121fc62d7720e7f2096a7.jpg,Hairline Fracture,teste
Hairline Fracture/Train/a8d66de72edb47732c1d2be7f3b859_gallery_jpg.rf.7480d438695221bcb83b3ef7239528b1.jpg,Hairline Fracture,teste
Hairline Fracture/Train/bones_what_to_7329_g.rf.f0056d7f16.jpg,Hairline Fracture,teste
Hairline Fracture/Train/bones_what_to_7329_g.rf.f56d7f16.jpg,Hairline Fracture,teste
Hairline Fracture/Train/bones_what_to_k_7329_g.rf.ff1f0eb0075b56d7f16.jpg,Hairline Fracture,teste
Hairline Fracture/Train/bones_what_to_k_732x549_thu732x549_jpg.rf.9df85dff51f0a0deb0093f75b56d7f16.jpg,Hairline Fracture,teste
Hairline Fracture/Train/images15_jpg.rf.c787556301b893d2d5100712c136c43f.jpg,Hairline Fracture,teste
Hairline Fracture/Train/images18_jpg.rf.e70add6cdaacdb020d79bf57cfc87048.jpg,Hairline Fracture,teste
Hairline Fracture/Train/images8_jpg.rf.8139fd5cce6d778dea30f98270d4f31b.jpg,Hairline Fracture,teste
Hairline Fracture/Train/images9_jpg.rf.8dbac8f0fcf0584c8db1b2f78dfadb7d.jpg,Hairline Fracture,teste
Hairline Fracture/Train/stress-fracture-big_jpg.rf.ca318214e202fca41d20d92e242a6a74.jpg,Hairline Fracture,teste
Impacted fracture/Test/0fd9c4957210d0c8324ccc00c39d243d_jpg.rf.7625244128c1f6a73965a0290b6e6c31.jpg,Impacted fracture,teste
Impacted fracture/Test/4d0971c94b4213a016bcfc13296aa4_jumbo_jpg.rf.5031422aa36e5a481cc5993aa3b54a02.jpg,Impacted fracture,teste
Impacted fracture/Test/56a7a5e4ed51b2f23052775923c9c4_gallery_jpg.rf.d765fb7314c5833d49484b5f7f933477.jpg,Impacted fracture,teste
Impacted fracture/Train/41598_2020_64479_Fig2ML_png.rf.6d72e2fe8092ce099dd60b6e8056b525.jpg,Impacted fracture,teste
Impacted fracture/Train/B9780702034459000484_gr1a_jp23bee9489ff619abddb3ffea539bbf99.jpg,Impacted fracture,teste
Impacted fracture/Train/WJR-2-399-g001_jpg.rf.354ba5a9990b5fcdc8ebf57adee57a73.jpg,Impacted fracture,teste
Impacted fracture/Train/gr1e44caac83.jpg,Impacted fracture,teste
Impacted fracture/Train/image28_jpeg.rf.1634abbb51590036b08d5802c60e9.jpg,Impacted fracture,teste
Impacted fracture/Train/image28_jpeg.rf.16bed34abbb51590036b08d5802c60e9.jpg,Impacted fracture,teste
Impacted fracture/Train/image4_jpeg.rf.3fd22726236bc8187adf4636cf82960d.jpg,Impacted fracture,teste
Impacted fracture/Train/xray-image-show-close-fracture-260nw-1311736178_jpg.rf.699518b014401cccac4621e6ce644159.jpg,Impacted fracture,teste
Longitudinal fracture/Test/000007_jpg.rf.7cf716c605db163a55eb6214c77bfb73.jpg,Longitudinal fracture,teste
Longitudinal fracture/Test/35d36ae9df9a48426f94b75d0f2939_jumbo_jpeg.rf.c0eebf1735c43ba5de01d321ce10748a.jpg,Longitudinal fracture,teste
Longitudinal fracture/Test/8644c7aa15b332130711e15a541800_gallery_jpg.rf.3c08725e91f0227003510b63f8d2ae27.jpg,Longitudinal fracture,teste
Longitudinal fracture/Train/1008-1275-17-06-013-f001_png.rf.54ced8d767db0c2fc077b8ee71c9e43c.jpg,Longitudinal fracture,teste
Longitudinal fracture/Train/110002_gallery_jpeg.rf.30a5c443c96281a5cfc741d124f2afa1.jpg,Longitudinal fracture,teste
Longitudinal fracture/Train/a5097977a2118a_ntvgjpg.rf.edf596d9b2f54c92e821d14caf004.jpg,Longitudinal fracture,teste
Longitudinal fracture/Train/a5097977a2118a_ntvgjpg.rf.edf596d9b2f54c92e821d18864caf004.jpg,Longitudinal fracture,teste
Longitudinal fracture/Train/children-08-00431-g001_pnrf.596d1c08c05b9df5feeffb3bac9fadd.jpg,Longitudinal fracture,teste
Longitudinal fracture/Train/image10_jpeg.rf.304b29d171174e9ae96f65b8d8657e81.jpg,Longitudinal fracture,teste
Longitudinal fracture/Train/image3_jpeg.rf.506ce4843e3698a1399802a4e03413b3.jpg,Longitudinal fracture,teste
Longitudinal fracture/Train/midshaft-femur-fx-1-campagne-sized_jpg.rf.0e429985b42c24fd69d9a3fcf80aba44.jpg,Longitudinal fracture,teste
Oblique fracture/Test/0-_gallery_jpeg.rf.b3170266ea6b6d03bfb4ae5991df98ce.jpg,Oblique fracture,teste
Oblique fracture/Test/10-1055-b-002-85516_c023_f003-1_jpg.rf.a2cb46deb0263fc92980f45ee328c632.jpg,Oblique fracture,teste
Oblique fracture/Train/InkedInitial-imaging-a-X-ray-of-the-left-lower-extremity-shows-a-closed-oblique-fracture_png.rf.8b6c429de17d94b09ce484bedf753804_LI.jpg,Oblique fracture,teste
Oblique fracture/Train/Inkedx-ray-image-of-right-hand-oblique-viwe-showing-tumd-bone-fracture-700-214015347_jpg.rf.0accf0b72404f8af437d4ce31a040385_LI.jpg,Oblique fracture,teste
Oblique fracture/Train/XRAY20-20Obturator20Oblique20-20Posterior20wall20fx_moved_jpg.rf.d80991ac87370262d0290e03af5817e2.jpg,Oblique fracture,teste
Oblique fracture/Train/bimalleolar_jpg.rf.4f2912fba252cb6f758cb4e814343631.jpg,Oblique fracture,teste
Oblique fracture/Train/image29_jpeg.rf.6d4d72f18676ac51a5fec6b1557.jpg,Oblique fracture,teste
Oblique fracture/Train/image31_jpeg.rf.49c6015ae65879ca6c6551ec9e802c6c.jpg,Oblique fracture,teste
Oblique fracture/Train/image4_jpeg.rf.f17e6390662f4e352f8bc01a006c6da6.jpg,Oblique fracture,teste
Oblique fracture/Train/image7_jpeg.rf.a26c282b5e2e1ba9a049053fc5b18b6a.jpg,Oblique fracture,teste
Oblique fracture/Train/image_jpeg.rf.e8a17e76a0455785d575a9165aaf5873.jpg,Oblique fracture,teste
Oblique fracture/Train/ital-sabu-raijua-regency-east-nusa-tenggara-indonesia-photo-taken-1839626560_jpg.rf.07200c503ecbc0ba18962759d4d8a197.jpg,Oblique fracture,teste
Pathological fracture/Test/1-s2-0-S1877056815003461-gr6_jpg.rf.ad4975a23505ff95c659bf9b7319a.jpg,Pathological fracture,teste
Pathological fracture/Test/10-1302_2058-5247_jpeg.rf.9672030e7caa4b22d386e38317dab60c.jpg,Pathological fracture,teste
Pathological fracture/Test/5e26814a794fb50001390d1c_jpg.rf.544fc6bcf14e69c89637e7e6453d515b.jpg,Pathological fracture,teste
Pathological fracture/Train/1111Con_PC_Femur_A_0_jpg.rf.ef00741f0e51182ae36af30c6c04604b.jpg,Pathological fracture,teste
Pathological fracture/Train/2000120-galleyfig3_jpeg.3c7add3a3d8ebd3a8cfe.jpg,Pathological fracture,teste
Pathological fracture/Train/205beabbbbaa7eaf2e7bd504b23e31_jumbo_jpeg.rf.4ff68f0fe50221123d9eae6ffcdcbf2a.jpg,Pathological fracture,teste
Pathological fracture/Train/F1-large_jpg.rf89b76d363a0f13b869ab4.jpg,Pathological fracture,teste
Pathological fracture/Train/caasereportsi-1_jpg.rf.0e0aac51cd089f31f7329ea63feac42e.jpg,Pathological fracture,teste
Pathological fracture/Train/gr14_jp100f3396.jpg,Pathological fracture,teste
Pathological fracture/Train/image02056_jpeg.rf.96f31f371ba576cd6b71950ad27a5774.jpg,Pathological fracture,teste
Pathological fracture/Train/image27_jpeg.rf.d63898de3b82278e24ea64c7824aca0c.jpg,Pathological fracture,teste
Pathological fracture/Train/image2_jpeg.rf.ceb65c25d42119fc8afcf306182771b9.jpg,Pathological fracture,teste
Pathological fracture/Train/image5_jpeg.rf.b2c21e237a763df53cd5786ea7326a93.jpg,Pathological fracture,teste
Pathological fracture/Train/images2_jpg.rf.2eda195f4c118775e229281299c495cc.jpg,Pathological fracture,teste
Pathological fracture/Train/images3_jpg.rf.4099ca95e9bbd70190f2b0f8fbf77e27.jpg,Pathological fracture,teste
Pathological fracture/Train/images4_jpg.rf.305b9f15932274caf95fe4daef9dd643.jpg,Pathological fracture,teste
Pathological fracture/Train/mco-08-01-0107-g02_jpg.rf.8645ddffaf5f083d0c2f1af30.jpg,Pathological fracture,teste
Pathological fracture/Train/pathological_jpg.rf.ae9e70b650b7ff5536f07a9412c909dd.jpg,Pathological fracture,teste
Spiral Fracture/Test/110001_jumbo_jpeg.rf.94b56c0454a24891c46456a32af0129c.jpg,Spiral Fracture,teste
Spiral Fracture/Train/al-fracture-of-distal-fibula-at-level-of-syndesmosis-with-minimal-1286218351_jpg.rf.33383cf09fd6c5df2f71c2eb9c417731.jpg,Spiral Fracture,teste
Spiral Fracture/Train/broken-humerus-xray-showing-compound-260nw-667702906_jpg.rf.6b73f3ee243d182700bdf2eff2f2fad2.jpg,Spiral Fracture,teste
Spiral Fracture/Train/c0393356-800px-wm_jpg.rf.394e4ad25b5ec7c0622cff322e542181.jpg,Spiral Fracture,teste
Spiral Fracture/Train/ch23-1_jpg.rf.de610efd8b6a8ebf5bc3d05eb1d6864e.jpg,Spiral Fracture,teste
Spiral Fracture/Train/image2_jpeg.rf.5ea676b2e01ff0234b147af30240abe8.jpg,Spiral Fracture,teste
Spiral Fracture/Train/image7_jpeg.rf.d11bed3acad372a3ea5031e3423f39f5.jpg,Spiral Fracture,teste
Spiral Fracture/Train/images18_jpg.rf.f124bd32e0423021cdfeb44507075f93.jpg,Spiral Fracture,teste
Spiral Fracture/Train/images20_jpg.rf.1edb02c282bd8a993a486571dba82a30.jpg,Spiral Fracture,teste
Spiral Fracture/Train/images9_jpg.rf.9bdd8ba77e545bdd7edb097ab01161e7.jpg,Spiral Fracture,teste
Spiral Fracture/Train/placed-spiral-fracture-right-tibia-lower-leg-bone-ray-film-patient-225915648_jpg.rf.80182ff26fcd817cd744c4cc5c29c573.jpg,Spiral Fracture,teste
